7, 8, 9, 10, 11, 0.281921, 0.29227, 0.484517, 0.484848, 0.209902, 0.220219, 0.377119, 0.377468, 0.171625, 0.181933, 0.29111, 0.291487
6, 8, 9, 10, 11, 0.236398, 0.244951, 0.403435, 0.40368, 0.220944, 0.229479, 0.384701, 0.384943, 0.18475, 0.193305, 0.307541, 0.307802
6, 7, 9, 10, 11, 0.218944, 0.226625, 0.374369, 0.374372, 0.204153, 0.211815, 0.352078, 0.352065, 0.179646, 0.187304, 0.296951, 0.29692
6, 7, 8, 10, 11, 0.239355, 0.247375, 0.400984, 0.401227, 0.209091, 0.217086, 0.364206, 0.364435, 0.174926, 0.182925, 0.289274, 0.289494
6, 7, 8, 9, 11, 0.215186, 0.224329, 0.371732, 0.372004, 0.204084, 0.213202, 0.356063, 0.356324, 0.177049, 0.18617, 0.297077, 0.297354
6, 7, 8, 9, 10, 0.218556, 0.227908, 0.375303, 0.375379, 0.203352, 0.212695, 0.352393, 0.352475, 0.177493, 0.186835, 0.293246, 0.293352
5, 8, 9, 10, 11, 0.172299, 0.183517, 0.311446, 0.312181, 0.153709, 0.164897, 0.286981, 0.287753, 0.122443, 0.133633, 0.192343, 0.193363
5, 7, 9, 10, 11, 0.162487, 0.17362, 0.284831, 0.285387, 0.148671, 0.159785, 0.263506, 0.264098, 0.130248, 0.141388, 0.203406, 0.204187
5, 7, 8, 10, 11, 0.165407, 0.176613, 0.253471, 0.254318, 0.141684, 0.152887, 0.223878, 0.224822, 0.141133, 0.152334, 0.22202, 0.222964
5, 7, 8, 9, 11, 0.165286, 0.176423, 0.29865, 0.299289, 0.157934, 0.16906, 0.285759, 0.286423, 0.13181, 0.142949, 0.209692, 0.210559
5, 7, 8, 9, 10, 0.161684, 0.172722, 0.282593, 0.283056, 0.150737, 0.161769, 0.265529, 0.266034, 0.133777, 0.144854, 0.208327, 0.209077
5, 6, 9, 10, 11, 0.143047, 0.153131, 0.234056, 0.234649, 0.121415, 0.131483, 0.190037, 0.190767, 0.120285, 0.130349, 0.187173, 0.187902
5, 6, 8, 10, 11, 0.159062, 0.169413, 0.274039, 0.274825, 0.143833, 0.154165, 0.252476, 0.253313, 0.126741, 0.137084, 0.201877, 0.202852
5, 6, 8, 9, 11, 0.144902, 0.155121, 0.242303, 0.243032, 0.126586, 0.136784, 0.205453, 0.206296, 0.122644, 0.132842, 0.194997, 0.195867
5, 6, 8, 9, 10, 0.143884, 0.154014, 0.235959, 0.236534, 0.12194, 0.132061, 0.190196, 0.190947, 0.121431, 0.131548, 0.18901, 0.189757
5, 6, 7, 10, 11, 0.154172, 0.164507, 0.258604, 0.259183, 0.144126, 0.154449, 0.243651, 0.24426, 0.133874, 0.144216, 0.212039, 0.212741
5, 6, 7, 9, 11, 0.147886, 0.157984, 0.243622, 0.244058, 0.131596, 0.141686, 0.208269, 0.208811, 0.130611, 0.140704, 0.207237, 0.207784
5, 6, 7, 9, 10, 0.155392, 0.165225, 0.252634, 0.252804, 0.135812, 0.145644, 0.211152, 0.211475, 0.134878, 0.144712, 0.209071, 0.209399
5, 6, 7, 8, 11, 0.151737, 0.162064, 0.258405, 0.25912, 0.147166, 0.157481, 0.250118, 0.250851, 0.134333, 0.144662, 0.212548, 0.213387
5, 6, 7, 8, 10, 0.155152, 0.165375, 0.261968, 0.262514, 0.14778, 0.158, 0.249924, 0.250498, 0.136915, 0.14716, 0.216658, 0.217357
5, 6, 7, 8, 9, 0.16399, 0.174113, 0.269399, 0.269784, 0.141587, 0.151709, 0.223357, 0.223857, 0.14131, 0.151431, 0.223515, 0.224013
4, 8, 9, 10, 11, 0.153594, 0.164185, 0.278665, 0.279212, 0.138756, 0.149312, 0.255024, 0.255571, 0.113372, 0.123952, 0.177994, 0.17875
4, 7, 9, 10, 11, 0.154921, 0.165345, 0.277875, 0.278123, 0.141789, 0.152189, 0.254182, 0.254433, 0.119269, 0.129732, 0.185736, 0.186222
4, 7, 8, 10, 11, 0.146327, 0.157045, 0.22347, 0.224219, 0.127797, 0.138496, 0.199156, 0.19996, 0.128925, 0.139615, 0.200751, 0.201531
4, 7, 8, 9, 11, 0.149875, 0.160461, 0.274027, 0.274467, 0.143125, 0.153693, 0.260144, 0.26059, 0.118854, 0.129457, 0.187608, 0.188277
4, 7, 8, 9, 10, 0.160362, 0.170893, 0.29155, 0.291713, 0.147958, 0.158485, 0.266776, 0.266979, 0.122577, 0.133191, 0.190214, 0.19074
4, 6, 9, 10, 11, 0.132489, 0.141918, 0.213879, 0.214153, 0.111679, 0.121085, 0.171828, 0.17218, 0.11004, 0.119439, 0.168601, 0.16895
4, 6, 8, 10, 11, 0.14611, 0.155779, 0.2523, 0.252871, 0.131585, 0.141226, 0.227701, 0.228284, 0.116637, 0.126304, 0.184227, 0.184943
4, 6, 8, 9, 11, 0.132193, 0.141918, 0.2176, 0.218095, 0.113804, 0.123506, 0.179186, 0.179774, 0.112359, 0.122068, 0.176002, 0.176609
4, 6, 8, 9, 10, 0.132691, 0.142303, 0.215025, 0.215333, 0.112958, 0.122556, 0.173435, 0.173871, 0.114107, 0.123693, 0.177261, 0.17766
4, 6, 7, 10, 11, 0.144205, 0.153667, 0.243655, 0.243918, 0.134081, 0.143526, 0.225724, 0.225985, 0.123565, 0.133049, 0.192952, 0.193325
4, 6, 7, 9, 11, 0.135623, 0.14502, 0.22056, 0.220695, 0.118514, 0.1279, 0.183467, 0.183688, 0.117393, 0.126797, 0.181163, 0.181415
4, 6, 7, 9, 10, 0.144006, 0.153059, 0.231113, 0.230936, 0.125735, 0.134778, 0.192097, 0.192028, 0.123872, 0.132937, 0.18724, 0.187218
4, 6, 7, 8, 11, 0.139913, 0.149526, 0.23922, 0.239698, 0.134613, 0.144209, 0.228042, 0.228521, 0.122586, 0.132214, 0.192349, 0.192945
4, 6, 7, 8, 10, 0.148706, 0.158413, 0.256944, 0.257199, 0.139757, 0.149462, 0.237839, 0.238121, 0.125847, 0.135598, 0.196525, 0.196964
4, 6, 7, 8, 9, 0.147436, 0.156963, 0.240289, 0.240434, 0.124516, 0.134033, 0.192641, 0.192889, 0.122947, 0.132487, 0.188882, 0.189174
4, 5, 9, 10, 11, 0.154149, 0.165207, 0.29014, 0.290521, 0.147893, 0.158944, 0.276056, 0.276466, 0.115081, 0.126261, 0.18111, 0.182037
4, 5, 8, 10, 11, 0.138851, 0.150019, 0.216625, 0.217656, 0.134647, 0.145821, 0.210679, 0.211752, 0.133941, 0.145112, 0.208888, 0.209966
4, 5, 8, 9, 11, 0.156299, 0.167319, 0.297589, 0.29812, 0.153288, 0.1643, 0.290078, 0.290617, 0.118284, 0.129354, 0.190344, 0.191283
4, 5, 8, 9, 10, 0.163198, 0.174096, 0.309381, 0.309564, 0.154864, 0.165777, 0.28911, 0.289359, 0.11826, 0.129349, 0.185275, 0.186149
4, 5, 7, 10, 11, 0.136214, 0.147509, 0.211303, 0.212228, 0.132773, 0.144066, 0.207132, 0.20807, 0.132458, 0.14375, 0.206196, 0.207137
4, 5, 7, 9, 11, 0.176292, 0.187248, 0.335337, 0.335497, 0.170753, 0.181706, 0.3204, 0.320576, 0.121411, 0.132492, 0.191742, 0.192473
4, 5, 7, 9, 10, 0.16551, 0.176133, 0.305806, 0.305721, 0.161499, 0.172132, 0.293964, 0.293913, 0.131661, 0.142492, 0.204134, 0.204674
4, 5, 7, 8, 11, 0.133334, 0.14435, 0.207595, 0.20858, 0.128938, 0.139955, 0.201043, 0.20206, 0.128645, 0.13966, 0.200331, 0.201347
4, 5, 7, 8, 10, 0.13506, 0.146198, 0.207435, 0.208298, 0.134118, 0.145256, 0.207083, 0.207945, 0.133842, 0.144979, 0.206084, 0.206949
4, 5, 7, 8, 9, 0.183036, 0.193696, 0.345907, 0.345849, 0.173841, 0.184507, 0.324925, 0.324892, 0.127525, 0.138389, 0.1991, 0.199757
4, 5, 6, 10, 11, 0.143117, 0.153466, 0.251332, 0.251878, 0.136659, 0.147001, 0.237718, 0.238302, 0.119726, 0.130146, 0.189948, 0.190813
4, 5, 6, 9, 11, 0.133438, 0.14349, 0.218001, 0.218474, 0.118507, 0.12856, 0.186277, 0.186893, 0.117919, 0.12797, 0.184713, 0.185338
4, 5, 6, 9, 10, 0.135037, 0.144722, 0.216227, 0.216441, 0.121229, 0.130913, 0.188068, 0.188433, 0.118445, 0.128173, 0.180327, 0.180798
4, 5, 6, 8, 11, 0.145871, 0.156171, 0.256487, 0.257186, 0.142448, 0.152737, 0.248488, 0.249204, 0.123671, 0.134012, 0.197348, 0.198307
4, 5, 6, 8, 10, 0.149769, 0.160067, 0.26711, 0.267554, 0.14271, 0.15302, 0.249203, 0.249713, 0.122618, 0.133029, 0.193808, 0.194651
4, 5, 6, 8, 9, 0.144723, 0.15465, 0.235642, 0.236064, 0.123833, 0.133765, 0.193619, 0.194175, 0.121995, 0.131944, 0.188616, 0.189234
4, 5, 6, 7, 11, 0.157202, 0.167502, 0.281126, 0.28146, 0.152256, 0.162554, 0.26644, 0.266809, 0.12598, 0.136362, 0.198133, 0.198829
4, 5, 6, 7, 10, 0.160251, 0.170132, 0.280025, 0.280134, 0.155839, 0.165732, 0.267422, 0.267572, 0.137745, 0.147745, 0.215981, 0.216441
4, 5, 6, 7, 9, 0.179622, 0.189008, 0.296613, 0.296673, 0.148884, 0.158283, 0.23631, 0.236493, 0.145719, 0.155164, 0.227693, 0.227973
4, 5, 6, 7, 8, 0.162005, 0.172015, 0.287997, 0.288226, 0.15368, 0.1637, 0.267804, 0.268083, 0.129151, 0.139282, 0.201831, 0.2025
3, 8, 9, 10, 11, 0.126945, 0.136742, 0.199318, 0.199939, 0.114044, 0.123821, 0.179204, 0.179844, 0.113102, 0.122882, 0.177021, 0.177668
3, 7, 9, 10, 11, 0.127465, 0.136929, 0.19811, 0.198416, 0.11793, 0.127381, 0.183858, 0.184159, 0.118207, 0.127652, 0.181793, 0.182089
3, 7, 8, 10, 11, 0.151429, 0.161271, 0.235979, 0.23661, 0.139677, 0.149509, 0.22121, 0.221867, 0.135949, 0.145784, 0.212265, 0.21294
3, 7, 8, 9, 11, 0.119733, 0.129458, 0.188638, 0.189173, 0.114382, 0.124093, 0.180051, 0.18059, 0.113771, 0.123487, 0.17839, 0.178934
3, 7, 8, 9, 10, 0.126693, 0.136331, 0.197376, 0.197691, 0.121602, 0.131232, 0.189762, 0.190078, 0.120917, 0.130549, 0.18795, 0.188272
3, 6, 9, 10, 11, 0.126346, 0.134808, 0.191848, 0.192094, 0.116655, 0.125095, 0.176525, 0.176772, 0.116312, 0.124758, 0.175399, 0.175653
3, 6, 8, 10, 11, 0.135418, 0.144411, 0.2142, 0.214835, 0.125008, 0.133981, 0.198476, 0.19912, 0.12306, 0.132046, 0.194049, 0.194721
3, 6, 8, 9, 11, 0.120962, 0.129928, 0.185472, 0.186054, 0.112824, 0.121755, 0.172719, 0.173303, 0.111591, 0.120515, 0.169001, 0.169585
3, 6, 8, 9, 10, 0.123217, 0.131918, 0.187651, 0.187921, 0.116226, 0.12491, 0.176101, 0.176387, 0.11616, 0.124852, 0.175285, 0.175578
3, 6, 7, 10, 11, 0.136638, 0.145189, 0.215386, 0.215642, 0.132174, 0.140701, 0.208101, 0.208347, 0.130734, 0.13929, 0.204545, 0.204811
3, 6, 7, 9, 11, 0.121701, 0.129998, 0.185459, 0.185487, 0.116119, 0.124393, 0.176195, 0.17623, 0.115606, 0.123891, 0.174548, 0.174591
3, 6, 7, 9, 10, 0.132922, 0.140797, 0.201169, 0.200854, 0.127431, 0.135286, 0.19168, 0.191368, 0.127173, 0.135041, 0.190452, 0.190152
3, 6, 7, 8, 11, 0.131252, 0.139997, 0.208694, 0.209175, 0.127505, 0.13622, 0.202393, 0.202864, 0.125885, 0.13464, 0.198644, 0.199147
3, 6, 7, 8, 10, 0.135506, 0.144334, 0.214497, 0.214763, 0.131869, 0.140673, 0.207767, 0.20802, 0.130102, 0.138932, 0.203538, 0.203818
3, 6, 7, 8, 9, 0.127686, 0.136177, 0.195515, 0.195569, 0.121659, 0.130125, 0.184997, 0.185056, 0.120901, 0.129377, 0.18304, 0.183114
3, 5, 9, 10, 11, 0.112793, 0.123331, 0.177018, 0.177873, 0.108127, 0.118652, 0.169323, 0.170204, 0.107589, 0.118117, 0.167927, 0.168815
3, 5, 8, 10, 11, 0.117825, 0.128459, 0.185426, 0.186562, 0.113546, 0.124171, 0.178517, 0.179692, 0.112307, 0.122931, 0.175472, 0.17666
3, 5, 8, 9, 11, 0.110169, 0.120696, 0.174692, 0.175677, 0.108464, 0.118976, 0.171504, 0.172498, 0.107706, 0.118224, 0.169549, 0.170557
3, 5, 8, 9, 10, 0.113894, 0.124367, 0.179195, 0.180009, 0.111741, 0.122204, 0.175188, 0.176013, 0.111158, 0.121624, 0.173585, 0.174422
3, 5, 7, 10, 11, 0.117499, 0.128145, 0.181316, 0.182272, 0.11564, 0.126279, 0.178236, 0.179201, 0.114657, 0.125294, 0.175836, 0.17681
3, 5, 7, 9, 11, 0.110919, 0.121307, 0.173801, 0.174515, 0.110822, 0.121206, 0.173163, 0.173878, 0.110233, 0.120616, 0.171672, 0.17239
3, 5, 7, 9, 10, 0.12459, 0.134719, 0.193166, 0.193605, 0.124053, 0.134175, 0.192244, 0.192674, 0.123456, 0.133584, 0.190657, 0.1911
3, 5, 7, 8, 11, 0.115483, 0.125881, 0.178613, 0.179671, 0.114161, 0.124548, 0.175731, 0.176796, 0.112842, 0.123229, 0.172785, 0.173863
3, 5, 7, 8, 10, 0.118849, 0.129421, 0.183749, 0.184647, 0.117877, 0.128443, 0.182026, 0.182923, 0.116926, 0.127487, 0.179466, 0.180374
3, 5, 7, 8, 9, 0.117871, 0.128142, 0.185316, 0.185952, 0.116671, 0.126937, 0.182757, 0.183389, 0.116046, 0.126314, 0.181032, 0.181675
3, 5, 6, 10, 11, 0.117101, 0.126976, 0.183998, 0.184861, 0.111987, 0.121846, 0.175104, 0.175991, 0.111018, 0.120893, 0.172768, 0.173685
3, 5, 6, 9, 11, 0.110473, 0.120115, 0.169282, 0.169969, 0.106483, 0.116096, 0.1624, 0.16311, 0.106029, 0.115654, 0.160944, 0.161671
3, 5, 6, 9, 10, 0.119906, 0.129071, 0.182041, 0.182353, 0.114911, 0.12406, 0.17344, 0.173792, 0.113802, 0.12292, 0.170401, 0.17074
3, 5, 6, 8, 11, 0.119417, 0.129268, 0.189494, 0.190476, 0.117092, 0.126919, 0.184074, 0.185065, 0.115271, 0.125127, 0.180653, 0.181687
3, 5, 6, 8, 10, 0.11902, 0.128879, 0.187853, 0.188675, 0.115553, 0.1254, 0.181029, 0.181868, 0.114389, 0.124253, 0.178224, 0.1791
3, 5, 6, 8, 9, 0.11631, 0.125872, 0.178683, 0.179325, 0.110288, 0.119822, 0.168011, 0.168679, 0.109938, 0.119484, 0.166725, 0.167414
3, 5, 6, 7, 11, 0.117427, 0.127135, 0.183791, 0.18449, 0.11537, 0.125067, 0.179118, 0.179827, 0.114431, 0.124141, 0.177095, 0.177825
3, 5, 6, 7, 10, 0.130387, 0.139825, 0.202873, 0.203277, 0.128718, 0.138147, 0.199164, 0.199565, 0.127698, 0.137127, 0.196776, 0.197195
3, 5, 6, 7, 9, 0.138689, 0.14741, 0.214058, 0.214131, 0.131402, 0.140105, 0.200638, 0.200746, 0.130934, 0.139651, 0.199191, 0.199319
3, 5, 6, 7, 8, 0.12401, 0.133664, 0.19523, 0.195871, 0.120501, 0.130146, 0.188079, 0.188732, 0.119784, 0.129428, 0.1862, 0.186867
3, 4, 9, 10, 11, 0.112427, 0.122402, 0.175915, 0.176425, 0.108259, 0.118213, 0.169386, 0.169884, 0.107749, 0.117708, 0.168003, 0.168509
3, 4, 8, 10, 11, 0.117327, 0.127603, 0.184142, 0.185053, 0.1139, 0.124161, 0.178504, 0.179427, 0.112771, 0.123032, 0.175613, 0.176544
3, 4, 8, 9, 11, 0.110011, 0.120092, 0.174542, 0.17524, 0.10826, 0.11832, 0.171175, 0.17186, 0.107586, 0.117655, 0.169504, 0.170207
3, 4, 8, 9, 10, 0.113773, 0.12374, 0.178347, 0.17884, 0.111866, 0.121814, 0.175072, 0.17555, 0.111289, 0.121244, 0.173523, 0.174016
3, 4, 7, 10, 11, 0.118375, 0.128526, 0.181788, 0.18242, 0.117218, 0.127361, 0.179486, 0.180112, 0.116152, 0.126292, 0.1771, 0.177728
3, 4, 7, 9, 11, 0.111874, 0.121711, 0.175072, 0.17541, 0.111061, 0.120887, 0.173543, 0.17387, 0.110613, 0.120442, 0.172194, 0.172526
3, 4, 7, 9, 10, 0.125966, 0.135426, 0.194851, 0.194875, 0.124849, 0.134296, 0.192989, 0.192993, 0.12434, 0.133792, 0.191426, 0.191443
3, 4, 7, 8, 11, 0.11585, 0.125898, 0.178189, 0.179018, 0.114843, 0.124877, 0.175853, 0.176673, 0.113069, 0.1231, 0.172231, 0.173059
3, 4, 7, 8, 10, 0.119284, 0.129394, 0.18316, 0.18375, 0.118612, 0.128714, 0.181816, 0.182395, 0.118053, 0.128156, 0.180469, 0.181054
3, 4, 7, 8, 9, 0.118652, 0.1284, 0.186278, 0.186568, 0.116779, 0.126515, 0.182761, 0.183036, 0.116541, 0.126279, 0.181619, 0.181902
3, 4, 6, 10, 11, 0.117643, 0.126919, 0.184633, 0.185116, 0.113028, 0.122289, 0.176267, 0.176758, 0.111975, 0.121254, 0.17393, 0.174444
3, 4, 6, 9, 11, 0.111585, 0.120308, 0.170052, 0.170166, 0.107138, 0.115841, 0.162645, 0.162762, 0.106853, 0.115571, 0.161665, 0.161801
3, 4, 6, 9, 10, 0.12051, 0.128702, 0.181855, 0.181592, 0.115418, 0.123585, 0.173218, 0.17295, 0.115068, 0.123239, 0.171832, 0.171578
3, 4, 6, 8, 11, 0.119044, 0.128407, 0.188892, 0.189575, 0.116786, 0.12613, 0.183733, 0.184414, 0.114919, 0.12429, 0.180184, 0.180901
3, 4, 6, 8, 10, 0.119577, 0.128891, 0.18806, 0.188542, 0.115994, 0.125295, 0.181117, 0.181602, 0.114974, 0.124285, 0.178737, 0.179243
3, 4, 6, 8, 9, 0.116406, 0.125044, 0.177574, 0.177658, 0.110266, 0.118879, 0.167073, 0.167151, 0.109977, 0.118602, 0.165893, 0.165994
3, 4, 6, 7, 11, 0.118859, 0.127987, 0.185612, 0.185935, 0.116138, 0.12525, 0.17999, 0.180309, 0.115781, 0.12489, 0.179047, 0.179367
3, 4, 6, 7, 10, 0.133021, 0.141739, 0.206485, 0.206461, 0.130436, 0.139134, 0.201072, 0.201027, 0.129073, 0.137773, 0.198123, 0.198091
3, 4, 6, 7, 9, 0.13909, 0.146776, 0.213023, 0.212528, 0.131952, 0.139617, 0.199949, 0.19946, 0.131599, 0.139272, 0.198677, 0.198206
3, 4, 6, 7, 8, 0.125019, 0.134112, 0.196185, 0.196475, 0.120852, 0.129928, 0.188054, 0.188339, 0.120174, 0.129245, 0.186294, 0.186585
3, 4, 5, 10, 11, 0.114864, 0.125608, 0.18045, 0.18147, 0.1152, 0.125936, 0.180351, 0.181365, 0.114699, 0.125435, 0.178812, 0.179833
3, 4, 5, 9, 11, 0.110799, 0.121218, 0.176163, 0.176861, 0.112203, 0.122611, 0.178252, 0.178926, 0.111293, 0.121707, 0.176224, 0.176916
3, 4, 5, 9, 10, 0.121389, 0.131484, 0.190244, 0.190663, 0.121231, 0.131314, 0.189814, 0.190215, 0.120492, 0.130579, 0.18799, 0.188408
3, 4, 5, 8, 11, 0.144866, 0.155229, 0.229007, 0.229903, 0.145696, 0.156051, 0.230323, 0.231203, 0.143458, 0.153811, 0.226668, 0.227557
3, 4, 5, 8, 10, 0.118303, 0.128901, 0.185678, 0.186609, 0.118067, 0.128657, 0.184824, 0.185747, 0.11768, 0.12827, 0.183826, 0.184755
3, 4, 5, 8, 9, 0.116485, 0.126702, 0.185396, 0.185997, 0.116301, 0.126507, 0.184425, 0.185005, 0.115473, 0.125684, 0.182509, 0.183108
3, 4, 5, 7, 11, 0.114122, 0.12469, 0.175757, 0.176678, 0.115383, 0.125948, 0.17733, 0.178235, 0.114731, 0.125295, 0.176038, 0.176948
3, 4, 5, 7, 10, 0.132184, 0.142467, 0.202551, 0.203105, 0.13216, 0.14244, 0.202412, 0.202955, 0.131533, 0.141813, 0.201194, 0.201741
3, 4, 5, 7, 9, 0.138834, 0.148485, 0.218807, 0.219006, 0.137563, 0.147203, 0.21659, 0.216789, 0.137057, 0.1467, 0.214718, 0.214939
3, 4, 5, 7, 8, 0.119992, 0.130403, 0.18531, 0.186112, 0.119879, 0.130285, 0.184519, 0.185307, 0.119554, 0.129959, 0.183811, 0.184603
3, 4, 5, 6, 11, 0.119535, 0.129401, 0.189573, 0.190301, 0.119524, 0.129376, 0.188743, 0.189459, 0.11728, 0.127133, 0.184584, 0.185325
3, 4, 5, 6, 10, 0.126896, 0.136392, 0.198755, 0.199193, 0.125557, 0.135041, 0.195996, 0.196421, 0.124329, 0.133821, 0.193467, 0.193913
3, 4, 5, 6, 9, 0.169849, 0.178218, 0.272379, 0.272407, 0.158434, 0.166788, 0.251084, 0.251096, 0.157547, 0.16591, 0.249094, 0.249127
3, 4, 5, 6, 8, 0.126552, 0.136261, 0.201021, 0.20166, 0.12498, 0.134674, 0.196936, 0.197568, 0.123279, 0.132985, 0.193602, 0.194262
3, 4, 5, 6, 7, 0.142725, 0.151794, 0.225925, 0.226154, 0.139888, 0.148946, 0.22027, 0.220504, 0.139451, 0.1485, 0.219078, 0.219341
2, 8, 9, 10, 11, 0.134048, 0.144889, 0.235735, 0.23636, 0.111253, 0.122077, 0.190693, 0.191487, 0.109887, 0.120737, 0.179952, 0.18084
2, 7, 9, 10, 11, 0.120021, 0.130707, 0.201763, 0.202286, 0.106097, 0.116801, 0.173138, 0.173817, 0.103138, 0.113894, 0.157993, 0.158866
2, 7, 8, 10, 11, 0.120026, 0.131175, 0.18256, 0.183859, 0.112938, 0.124082, 0.172677, 0.174016, 0.112657, 0.123801, 0.172163, 0.173505
2, 7, 8, 9, 11, 0.116265, 0.126944, 0.202908, 0.203493, 0.104887, 0.115591, 0.174211, 0.175, 0.101597, 0.112349, 0.157637, 0.158643
2, 7, 8, 9, 10, 0.119395, 0.130012, 0.197616, 0.198196, 0.111214, 0.121843, 0.179971, 0.180658, 0.108573, 0.119247, 0.166427, 0.167295
2, 6, 9, 10, 11, 0.115064, 0.124668, 0.176178, 0.176589, 0.0977282, 0.107351, 0.143746, 0.144364, 0.0992857, 0.108882, 0.147406, 0.147945
2, 6, 8, 10, 11, 0.128916, 0.138953, 0.217716, 0.218267, 0.109632, 0.119663, 0.181718, 0.182414, 0.108418, 0.118516, 0.175223, 0.176052
2, 6, 8, 9, 11, 0.111377, 0.121155, 0.174906, 0.175449, 0.097853, 0.10763, 0.149539, 0.150238, 0.0977159, 0.107502, 0.147928, 0.148664
2, 6, 8, 9, 10, 0.111819, 0.121405, 0.170222, 0.170715, 0.0984133, 0.108015, 0.143306, 0.144022, 0.100654, 0.110228, 0.149317, 0.149927
2, 6, 7, 10, 11, 0.120584, 0.130426, 0.196703, 0.197139, 0.109604, 0.119478, 0.175425, 0.175983, 0.107341, 0.11729, 0.165216, 0.165966
2, 6, 7, 9, 11, 0.10915, 0.118533, 0.166037, 0.166372, 0.096938, 0.106366, 0.14114, 0.141692, 0.0978736, 0.107268, 0.143148, 0.143647
2, 6, 7, 9, 10, 0.119548, 0.128489, 0.179956, 0.180017, 0.107432, 0.116408, 0.15499, 0.15526, 0.107508, 0.11645, 0.154722, 0.154966
2, 6, 7, 8, 11, 0.116176, 0.126081, 0.192108, 0.192734, 0.107347, 0.117282, 0.172903, 0.173673, 0.104745, 0.114766, 0.162199, 0.163179
2, 6, 7, 8, 10, 0.121041, 0.13084, 0.197188, 0.197666, 0.113342, 0.12317, 0.181088, 0.181668, 0.110881, 0.120785, 0.170546, 0.171328
2, 6, 7, 8, 9, 0.11759, 0.12687, 0.179975, 0.180312, 0.103356, 0.112669, 0.151447, 0.151999, 0.104636, 0.113916, 0.154097, 0.154599
2, 5, 9, 10, 11, 0.113358, 0.124276, 0.199797, 0.200405, 0.104907, 0.115888, 0.175426, 0.176317, 0.102399, 0.113415, 0.161152, 0.162214
2, 5, 8, 10, 11, 0.126567, 0.137816, 0.195781, 0.197234, 0.125623, 0.136874, 0.194047, 0.195504, 0.12562, 0.136869, 0.193981, 0.195437
2, 5, 8, 9, 11, 0.116853, 0.127615, 0.215849, 0.21639, 0.105508, 0.116337, 0.179157, 0.180074, 0.10532, 0.116169, 0.171638, 0.172624
2, 5, 8, 9, 10, 0.114939, 0.125652, 0.200898, 0.201523, 0.109168, 0.119938, 0.181602, 0.182432, 0.106335, 0.117143, 0.166688, 0.167718
2, 5, 7, 10, 11, 0.118672, 0.129982, 0.1813, 0.182626, 0.118222, 0.129533, 0.180544, 0.181866, 0.118407, 0.129715, 0.180721, 0.182033
2, 5, 7, 9, 11, 0.111304, 0.121966, 0.192436, 0.192913, 0.106778, 0.1175, 0.176488, 0.17717, 0.102963, 0.113768, 0.158598, 0.159606
2, 5, 7, 9, 10, 0.123952, 0.13434, 0.206609, 0.206993, 0.120782, 0.131218, 0.195306, 0.19582, 0.11729, 0.127807, 0.178924, 0.179707
2, 5, 7, 8, 11, 0.114392, 0.125503, 0.175648, 0.177079, 0.114458, 0.12557, 0.175607, 0.177029, 0.113992, 0.125104, 0.174769, 0.176194
2, 5, 7, 8, 10, 0.11853, 0.129549, 0.179108, 0.180374, 0.118815, 0.129834, 0.179338, 0.180595, 0.118687, 0.129705, 0.179109, 0.180366
2, 5, 7, 8, 9, 0.118334, 0.128745, 0.20269, 0.203133, 0.114243, 0.124702, 0.188498, 0.189092, 0.110764, 0.121298, 0.171087, 0.171996
2, 5, 6, 10, 11, 0.112815, 0.123027, 0.188692, 0.189361, 0.106174, 0.116449, 0.172922, 0.173803, 0.10351, 0.113869, 0.161412, 0.162546
2, 5, 6, 9, 11, 0.10414, 0.113921, 0.159157, 0.159824, 0.094002, 0.103846, 0.138255, 0.13921, 0.0949036, 0.104691, 0.140081, 0.140933
2, 5, 6, 9, 10, 0.110552, 0.119915, 0.166228, 0.166688, 0.101389, 0.110789, 0.147242, 0.147949, 0.10193, 0.111317, 0.148155, 0.148832
2, 5, 6, 8, 11, 0.115046, 0.125163, 0.196559, 0.197302, 0.108875, 0.11906, 0.178554, 0.17955, 0.105593, 0.115866, 0.165499, 0.166761
2, 5, 6, 8, 10, 0.114573, 0.124623, 0.190946, 0.191661, 0.1097, 0.119801, 0.1782, 0.179061, 0.107063, 0.117237, 0.166885, 0.167979
2, 5, 6, 8, 9, 0.111638, 0.121188, 0.171035, 0.171679, 0.0985091, 0.108106, 0.144843, 0.14575, 0.100197, 0.109752, 0.148509, 0.14933
2, 5, 6, 7, 11, 0.111129, 0.121141, 0.181914, 0.182587, 0.108171, 0.118237, 0.172934, 0.173747, 0.106608, 0.116741, 0.164971, 0.165953
2, 5, 6, 7, 10, 0.124797, 0.134492, 0.201124, 0.201622, 0.122168, 0.131901, 0.193614, 0.19419, 0.120458, 0.130241, 0.185742, 0.186459
2, 5, 6, 7, 9, 0.139952, 0.148779, 0.218782, 0.219006, 0.124449, 0.133324, 0.186966, 0.187421, 0.123866, 0.132749, 0.184589, 0.185091
2, 5, 6, 7, 8, 0.117025, 0.126819, 0.191527, 0.19219, 0.113018, 0.122853, 0.180862, 0.18163, 0.111491, 0.121384, 0.172873, 0.173806
2, 4, 9, 10, 11, 0.113763, 0.124399, 0.200803, 0.201143, 0.103547, 0.114277, 0.166923, 0.167657, 0.102855, 0.113599, 0.160233, 0.161027
2, 4, 8, 10, 11, 0.121853, 0.132983, 0.187994, 0.189286, 0.120624, 0.131755, 0.185867, 0.187168, 0.120562, 0.131692, 0.185627, 0.186927
2, 4, 8, 9, 11, 0.115793, 0.126399, 0.211923, 0.212334, 0.103847, 0.114527, 0.169897, 0.17072, 0.105718, 0.116405, 0.170907, 0.171707
2, 4, 8, 9, 10, 0.115937, 0.126381, 0.203571, 0.203899, 0.107819, 0.118355, 0.173818, 0.174471, 0.106812, 0.117366, 0.166087, 0.166841
2, 4, 7, 10, 11, 0.123522, 0.134595, 0.190431, 0.191435, 0.122849, 0.13392, 0.189285, 0.190285, 0.122665, 0.133736, 0.188979, 0.189982
2, 4, 7, 9, 11, 0.111913, 0.122275, 0.193021, 0.193216, 0.106191, 0.116634, 0.1714, 0.171879, 0.103932, 0.114437, 0.159282, 0.159981
2, 4, 7, 9, 10, 0.125092, 0.135044, 0.20756, 0.207581, 0.120948, 0.130974, 0.191931, 0.192146, 0.118492, 0.128587, 0.179458, 0.179894
2, 4, 7, 8, 11, 0.117367, 0.128347, 0.181508, 0.182689, 0.117416, 0.128395, 0.181425, 0.182602, 0.117471, 0.128446, 0.181404, 0.182571
2, 4, 7, 8, 10, 0.121701, 0.13254, 0.185223, 0.186194, 0.121935, 0.132773, 0.185437, 0.1864, 0.121807, 0.132645, 0.185229, 0.186192
2, 4, 7, 8, 9, 0.119017, 0.129125, 0.203277, 0.203421, 0.113605, 0.123781, 0.183634, 0.184008, 0.111347, 0.121587, 0.170825, 0.17145
2, 4, 6, 10, 11, 0.113674, 0.123586, 0.188847, 0.189249, 0.107, 0.116993, 0.170545, 0.171207, 0.105152, 0.115203, 0.162609, 0.16343
2, 4, 6, 9, 11, 0.108104, 0.117337, 0.16439, 0.1646, 0.0977651, 0.107078, 0.143355, 0.143836, 0.0994145, 0.108668, 0.146475, 0.146841
2, 4, 6, 9, 10, 0.112583, 0.121239, 0.167995, 0.167956, 0.104342, 0.113059, 0.150878, 0.151061, 0.105039, 0.113716, 0.151814, 0.151944
2, 4, 6, 8, 11, 0.115703, 0.125648, 0.19668, 0.197236, 0.108552, 0.11857, 0.174329, 0.175169, 0.106967, 0.117036, 0.16728, 0.168255
2, 4, 6, 8, 10, 0.115366, 0.125129, 0.190968, 0.191401, 0.109817, 0.119653, 0.174931, 0.17557, 0.108619, 0.118502, 0.168248, 0.169033
2, 4, 6, 8, 9, 0.113312, 0.122306, 0.172118, 0.172328, 0.100995, 0.110059, 0.147847, 0.1483, 0.102596, 0.111613, 0.150804, 0.151176
2, 4, 6, 7, 11, 0.113047, 0.12272, 0.183231, 0.183579, 0.110081, 0.11982, 0.173607, 0.17412, 0.108912, 0.118694, 0.167492, 0.168117
2, 4, 6, 7, 10, 0.127336, 0.136553, 0.203243, 0.203358, 0.124629, 0.133896, 0.195225, 0.195439, 0.123513, 0.132816, 0.189366, 0.189689
2, 4, 6, 7, 9, 0.140424, 0.148449, 0.217112, 0.216861, 0.126739, 0.13483, 0.188425, 0.188382, 0.12608, 0.134174, 0.186297, 0.186288
2, 4, 6, 7, 8, 0.118666, 0.128121, 0.1922, 0.192544, 0.114496, 0.124003, 0.180786, 0.181257, 0.113677, 0.123224, 0.175142, 0.175734
2, 4, 5, 10, 11, 0.127216, 0.138414, 0.196223, 0.197432, 0.127795, 0.138993, 0.196959, 0.19816, 0.127783, 0.138981, 0.196907, 0.198107
2, 4, 5, 9, 11, 0.115211, 0.125684, 0.207038, 0.207218, 0.107928, 0.118527, 0.177445, 0.178086, 0.106125, 0.116753, 0.167092, 0.167879
2, 4, 5, 9, 10, 0.124775, 0.134831, 0.214345, 0.214388, 0.118982, 0.129162, 0.192172, 0.192558, 0.116133, 0.126383, 0.178223, 0.178869
2, 4, 5, 8, 11, 0.156366, 0.167169, 0.237769, 0.238846, 0.15657, 0.167376, 0.238156, 0.239232, 0.157175, 0.167975, 0.238759, 0.239825
2, 4, 5, 8, 10, 0.12949, 0.140399, 0.198664, 0.199765, 0.1298, 0.140709, 0.198922, 0.200018, 0.129793, 0.1407, 0.198846, 0.19994
2, 4, 5, 8, 9, 0.121849, 0.131963, 0.218118, 0.218167, 0.113975, 0.124214, 0.187867, 0.188341, 0.111835, 0.122109, 0.175607, 0.176291
2, 4, 5, 7, 11, 0.122021, 0.133036, 0.187753, 0.188852, 0.122911, 0.133926, 0.189049, 0.190136, 0.12254, 0.133555, 0.188444, 0.189532
2, 4, 5, 7, 10, 0.153747, 0.163942, 0.231362, 0.232008, 0.154434, 0.164627, 0.2324, 0.233036, 0.153717, 0.16391, 0.231278, 0.231916
2, 4, 5, 7, 9, 0.14869, 0.158342, 0.243556, 0.243702, 0.146907, 0.156587, 0.235548, 0.235799, 0.144037, 0.153778, 0.222699, 0.223165
2, 4, 5, 7, 8, 0.124441, 0.135089, 0.189982, 0.190976, 0.124923, 0.13557, 0.19059, 0.191573, 0.124775, 0.135421, 0.19029, 0.191272
2, 4, 5, 6, 11, 0.116129, 0.126014, 0.192383, 0.192882, 0.112324, 0.122308, 0.180069, 0.180834, 0.110514, 0.120541, 0.173042, 0.17393
2, 4, 5, 6, 10, 0.124804, 0.134246, 0.202362, 0.202677, 0.121609, 0.13113, 0.192943, 0.193425, 0.120049, 0.129606, 0.186301, 0.186905
2, 4, 5, 6, 9, 0.20349, 0.211745, 0.33499, 0.33505, 0.171319, 0.179672, 0.270024, 0.270296, 0.172057, 0.180372, 0.272093, 0.272349
2, 4, 5, 6, 8, 0.121667, 0.131238, 0.200543, 0.201002, 0.117286, 0.126948, 0.187707, 0.188383, 0.115602, 0.125303, 0.180681, 0.181489
2, 4, 5, 6, 7, 0.143897, 0.152883, 0.232861, 0.233138, 0.141875, 0.150891, 0.22655, 0.226905, 0.140447, 0.149487, 0.220435, 0.220881
2, 3, 9, 10, 11, 0.104927, 0.11523, 0.161255, 0.161999, 0.0998184, 0.110124, 0.151558, 0.152387, 0.0998999, 0.110208, 0.151567, 0.1524
2, 3, 8, 10, 11, 0.106602, 0.117314, 0.163188, 0.164452, 0.102084, 0.112797, 0.154029, 0.155387, 0.101642, 0.11236, 0.153517, 0.154896
2, 3, 8, 9, 11, 0.103151, 0.113507, 0.159914, 0.160858, 0.100167, 0.110516, 0.154006, 0.155004, 0.0999635, 0.110319, 0.153253, 0.154271
2, 3, 8, 9, 10, 0.105199, 0.115321, 0.161608, 0.16231, 0.102358, 0.112488, 0.155053, 0.155835, 0.102454, 0.112587, 0.155045, 0.155838
2, 3, 7, 10, 11, 0.109788, 0.120386, 0.165572, 0.166576, 0.108743, 0.119344, 0.16296, 0.163992, 0.108035, 0.118633, 0.162185, 0.163218
2, 3, 7, 9, 11, 0.100964, 0.110936, 0.153521, 0.154103, 0.0989228, 0.108905, 0.149024, 0.149664, 0.0991121, 0.109099, 0.14932, 0.149962
2, 3, 7, 9, 10, 0.114667, 0.124157, 0.172201, 0.172483, 0.112592, 0.122086, 0.167975, 0.168291, 0.112825, 0.122318, 0.168274, 0.16859
2, 3, 7, 8, 11, 0.106115, 0.116653, 0.160157, 0.161352, 0.105137, 0.115674, 0.157634, 0.158856, 0.104262, 0.114797, 0.156499, 0.157727
2, 3, 7, 8, 10, 0.109566, 0.119995, 0.164832, 0.165795, 0.10881, 0.119243, 0.162752, 0.163731, 0.108706, 0.119139, 0.162727, 0.163712
2, 3, 7, 8, 9, 0.107169, 0.116896, 0.163379, 0.163899, 0.104575, 0.114305, 0.157906, 0.158471, 0.104849, 0.114579, 0.158335, 0.158898
2, 3, 6, 10, 11, 0.108869, 0.118549, 0.167582, 0.168245, 0.104068, 0.113769, 0.157715, 0.158506, 0.103891, 0.113609, 0.157282, 0.158112
2, 3, 6, 9, 11, 0.11047, 0.119162, 0.16643, 0.166401, 0.10473, 0.113442, 0.156124, 0.156192, 0.105302, 0.114016, 0.157159, 0.157221
2, 3, 6, 9, 10, 0.113322, 0.121176, 0.165169, 0.164864, 0.107687, 0.115558, 0.154838, 0.154627, 0.108224, 0.116093, 0.155665, 0.155449
2, 3, 6, 8, 11, 0.108776, 0.118568, 0.168548, 0.169477, 0.10533, 0.115117, 0.161601, 0.162588, 0.105059, 0.114867, 0.160938, 0.161973
2, 3, 6, 8, 10, 0.109366, 0.118893, 0.16812, 0.168764, 0.105491, 0.11504, 0.159593, 0.160344, 0.105331, 0.114898, 0.159046, 0.15985
2, 3, 6, 8, 9, 0.108023, 0.116424, 0.160129, 0.16014, 0.102171, 0.110583, 0.14949, 0.149594, 0.102703, 0.111111, 0.15031, 0.150411
2, 3, 6, 7, 11, 0.107624, 0.116936, 0.163951, 0.164435, 0.104641, 0.11399, 0.157476, 0.158077, 0.105314, 0.114637, 0.158796, 0.159363
2, 3, 6, 7, 10, 0.121656, 0.130415, 0.18426, 0.184427, 0.118391, 0.127169, 0.177263, 0.1775, 0.118538, 0.127314, 0.177724, 0.177963
2, 3, 6, 7, 9, 0.12619, 0.133201, 0.185947, 0.185401, 0.12123, 0.128253, 0.176023, 0.17557, 0.121435, 0.128459, 0.176317, 0.175867
2, 3, 6, 7, 8, 0.112805, 0.1219, 0.172422, 0.172879, 0.108714, 0.117829, 0.163791, 0.164341, 0.108829, 0.11794, 0.164158, 0.164703
2, 3, 5, 10, 11, 0.101265, 0.112125, 0.153442, 0.154828, 0.101439, 0.112306, 0.152851, 0.154263, 0.101386, 0.112255, 0.152778, 0.154196
2, 3, 5, 9, 11, 0.10116, 0.111456, 0.156411, 0.157325, 0.100049, 0.110349, 0.153666, 0.154618, 0.100118, 0.110422, 0.153725, 0.154681
2, 3, 5, 9, 10, 0.110741, 0.120511, 0.168565, 0.169194, 0.109234, 0.119004, 0.165184, 0.165847, 0.109289, 0.119063, 0.165252, 0.165917
2, 3, 5, 8, 11, 0.116811, 0.127353, 0.177517, 0.178883, 0.116505, 0.127057, 0.176172, 0.177581, 0.115522, 0.12607, 0.174473, 0.175885
2, 3, 5, 8, 10, 0.104788, 0.115425, 0.158696, 0.159993, 0.104219, 0.114862, 0.157005, 0.158325, 0.10425, 0.114894, 0.157029, 0.158356
2, 3, 5, 8, 9, 0.105242, 0.115192, 0.162849, 0.163656, 0.103298, 0.113248, 0.158377, 0.159227, 0.103441, 0.113396, 0.158617, 0.159472
2, 3, 5, 7, 11, 0.103001, 0.113677, 0.155603, 0.156829, 0.103564, 0.114245, 0.155864, 0.157098, 0.103231, 0.113913, 0.15545, 0.15669
2, 3, 5, 7, 10, 0.12029, 0.130521, 0.180455, 0.181318, 0.120048, 0.130283, 0.179665, 0.18053, 0.119633, 0.12987, 0.178963, 0.179833
2, 3, 5, 7, 9, 0.127241, 0.136435, 0.19512, 0.195479, 0.125923, 0.135115, 0.191674, 0.192087, 0.125848, 0.135047, 0.191475, 0.191894
2, 3, 5, 7, 8, 0.109117, 0.119489, 0.16525, 0.166352, 0.108346, 0.118722, 0.163171, 0.164288, 0.108029, 0.118406, 0.162892, 0.164016
2, 3, 5, 6, 11, 0.107342, 0.117126, 0.165975, 0.166887, 0.104897, 0.114703, 0.160499, 0.161501, 0.104683, 0.114495, 0.160382, 0.161388
2, 3, 5, 6, 10, 0.115273, 0.124502, 0.175884, 0.176497, 0.112622, 0.121864, 0.170147, 0.170819, 0.112591, 0.121832, 0.170264, 0.170939
2, 3, 5, 6, 9, 0.154546, 0.162172, 0.239864, 0.239878, 0.142424, 0.150082, 0.216245, 0.216343, 0.142668, 0.150324, 0.216704, 0.216801
2, 3, 5, 6, 8, 0.112948, 0.122403, 0.174672, 0.175493, 0.109335, 0.118804, 0.166935, 0.167845, 0.108974, 0.118458, 0.166563, 0.167486
2, 3, 5, 6, 7, 0.130039, 0.138628, 0.200779, 0.201151, 0.127067, 0.135662, 0.194378, 0.194812, 0.127827, 0.136413, 0.196085, 0.196513
2, 3, 4, 10, 11, 0.10568, 0.116266, 0.15983, 0.160888, 0.106171, 0.116765, 0.159602, 0.160684, 0.10613, 0.116725, 0.159527, 0.160612
2, 3, 4, 9, 11, 0.104575, 0.114418, 0.161156, 0.161656, 0.10324, 0.113087, 0.157901, 0.158431, 0.103221, 0.113079, 0.157831, 0.158374
2, 3, 4, 9, 10, 0.114144, 0.123343, 0.173166, 0.173314, 0.112692, 0.12189, 0.169741, 0.169911, 0.112756, 0.121957, 0.169851, 0.170026
2, 3, 4, 8, 11, 0.118263, 0.128673, 0.179501, 0.180649, 0.117927, 0.128344, 0.17791, 0.179095, 0.116275, 0.126691, 0.175406, 0.176598
2, 3, 4, 8, 10, 0.108227, 0.118613, 0.163518, 0.164512, 0.107961, 0.118352, 0.162155, 0.163164, 0.107899, 0.11829, 0.162056, 0.163069
2, 3, 4, 8, 9, 0.108262, 0.117738, 0.166878, 0.167259, 0.10636, 0.115836, 0.162346, 0.162762, 0.1064, 0.115889, 0.162441, 0.162871
2, 3, 4, 7, 11, 0.108524, 0.118891, 0.163308, 0.16419, 0.109376, 0.11975, 0.16391, 0.164799, 0.109007, 0.119382, 0.163456, 0.16435
2, 3, 4, 7, 10, 0.128042, 0.137755, 0.190879, 0.191311, 0.128135, 0.137852, 0.190699, 0.191126, 0.127214, 0.136934, 0.189353, 0.189786
2, 3, 4, 7, 9, 0.132433, 0.140849, 0.202456, 0.202292, 0.131299, 0.139715, 0.198963, 0.198852, 0.131272, 0.139698, 0.198868, 0.198769
2, 3, 4, 7, 8, 0.11359, 0.123652, 0.171325, 0.172096, 0.113053, 0.123118, 0.16952, 0.1703, 0.112719, 0.122785, 0.16923, 0.170014
2, 3, 4, 6, 11, 0.110743, 0.120036, 0.170555, 0.17103, 0.108192, 0.117506, 0.164782, 0.165342, 0.107976, 0.117296, 0.164761, 0.165325
2, 3, 4, 6, 10, 0.120128, 0.128691, 0.182385, 0.182488, 0.11752, 0.126095, 0.176645, 0.176798, 0.117497, 0.126055, 0.177037, 0.177182
2, 3, 4, 6, 9, 0.189225, 0.195261, 0.296802, 0.296125, 0.169889, 0.175972, 0.260672, 0.260011, 0.170436, 0.176507, 0.261874, 0.261206
2, 3, 4, 6, 8, 0.115594, 0.124535, 0.178012, 0.1784, 0.112076, 0.121034, 0.17043, 0.170899, 0.111519, 0.120494, 0.16973, 0.170216
2, 3, 4, 6, 7, 0.135661, 0.143441, 0.208763, 0.208588, 0.132649, 0.140438, 0.201955, 0.201836, 0.133379, 0.141163, 0.203858, 0.203744
2, 3, 4, 5, 11, 0.122262, 0.132737, 0.18521, 0.186277, 0.122408, 0.132899, 0.18502, 0.186118, 0.121174, 0.131662, 0.182987, 0.184085
2, 3, 4, 5, 10, 0.123067, 0.133157, 0.185213, 0.185976, 0.122975, 0.133075, 0.184595, 0.185371, 0.122276, 0.132377, 0.183563, 0.184346
2, 3, 4, 5, 9, 0.148277, 0.156983, 0.234361, 0.234484, 0.146382, 0.155089, 0.229436, 0.229625, 0.145894, 0.154614, 0.228684, 0.228884
2, 3, 4, 5, 8, 0.129389, 0.13963, 0.194957, 0.195908, 0.128888, 0.139144, 0.193566, 0.194548, 0.128197, 0.13845, 0.19251, 0.193488
2, 3, 4, 5, 7, 0.135241, 0.144726, 0.206316, 0.20685, 0.135073, 0.144562, 0.205526, 0.206076, 0.134812, 0.144302, 0.205261, 0.205814
2, 3, 4, 5, 6, 0.161053, 0.169187, 0.255871, 0.256026, 0.157078, 0.165224, 0.246631, 0.246863, 0.157546, 0.165684, 0.248564, 0.248791
1, 8, 9, 10, 11, 0.124259, 0.135355, 0.207329, 0.208129, 0.103612, 0.114712, 0.164184, 0.165291, 0.103843, 0.11495, 0.163223, 0.164358
1, 7, 9, 10, 11, 0.116314, 0.127215, 0.188835, 0.189459, 0.10153, 0.112477, 0.156083, 0.157014, 0.101595, 0.112541, 0.155057, 0.155999
1, 7, 8, 10, 11, 0.1179, 0.129278, 0.178027, 0.179454, 0.109726, 0.121098, 0.166108, 0.167607, 0.109402, 0.120775, 0.165499, 0.167004
1, 7, 8, 9, 11, 0.111095, 0.121999, 0.186133, 0.186807, 0.0993641, 0.110325, 0.154652, 0.155721, 0.0993534, 0.110321, 0.153432, 0.15452
1, 7, 8, 9, 10, 0.114404, 0.125266, 0.181548, 0.182329, 0.106376, 0.117256, 0.162932, 0.163904, 0.106611, 0.117488, 0.162706, 0.163682
1, 6, 9, 10, 11, 0.113619, 0.123351, 0.171177, 0.171636, 0.0976576, 0.107389, 0.14202, 0.142646, 0.0993722, 0.109093, 0.145739, 0.146311
1, 6, 8, 10, 11, 0.123133, 0.133383, 0.201288, 0.201975, 0.104468, 0.11476, 0.163896, 0.164909, 0.104928, 0.115224, 0.163618, 0.164657
1, 6, 8, 9, 11, 0.107308, 0.117287, 0.162708, 0.163442, 0.094844, 0.104816, 0.139189, 0.140107, 0.0957291, 0.105689, 0.141125, 0.142003
1, 6, 8, 9, 10, 0.109922, 0.119642, 0.164882, 0.165418, 0.0979895, 0.107713, 0.141774, 0.142512, 0.0997633, 0.109476, 0.145744, 0.146413
1, 6, 7, 10, 11, 0.118695, 0.128656, 0.191153, 0.191591, 0.106947, 0.117005, 0.164822, 0.165564, 0.106707, 0.116794, 0.163549, 0.164346
1, 6, 7, 9, 11, 0.106321, 0.115759, 0.158581, 0.158943, 0.0956824, 0.105141, 0.137574, 0.138121, 0.0965155, 0.105955, 0.139258, 0.139764
1, 6, 7, 9, 10, 0.117306, 0.126287, 0.173636, 0.173711, 0.106695, 0.115697, 0.152401, 0.152668, 0.107243, 0.116223, 0.15319, 0.153428
1, 6, 7, 8, 11, 0.113722, 0.123789, 0.185469, 0.186118, 0.103941, 0.114097, 0.161282, 0.162254, 0.103757, 0.11393, 0.160467, 0.161467
1, 6, 7, 8, 10, 0.118267, 0.12819, 0.190163, 0.190657, 0.10995, 0.119958, 0.169348, 0.170113, 0.10997, 0.11999, 0.168902, 0.169696
1, 6, 7, 8, 9, 0.113865, 0.123208, 0.171118, 0.171487, 0.101791, 0.111147, 0.147348, 0.147914, 0.103127, 0.112463, 0.149989, 0.150507
1, 5, 9, 10, 11, 0.105129, 0.116334, 0.172565, 0.173543, 0.0982661, 0.109527, 0.152718, 0.154021, 0.09855, 0.109804, 0.152289, 0.153585
1, 5, 8, 10, 11, 0.1204, 0.131851, 0.186094, 0.187757, 0.118904, 0.130357, 0.183452, 0.185121, 0.118855, 0.130306, 0.183355, 0.185024
1, 5, 8, 9, 11, 0.105966, 0.116997, 0.181399, 0.182269, 0.098627, 0.109732, 0.155611, 0.156926, 0.0992709, 0.110369, 0.156061, 0.157348
1, 5, 8, 9, 10, 0.106413, 0.117426, 0.172442, 0.173471, 0.102586, 0.113638, 0.159154, 0.160398, 0.102769, 0.11381, 0.158604, 0.159847
1, 5, 7, 10, 11, 0.112647, 0.124181, 0.170652, 0.172187, 0.112061, 0.123595, 0.169668, 0.1712, 0.111709, 0.123243, 0.169012, 0.170547
1, 5, 7, 9, 11, 0.101778, 0.1128, 0.160254, 0.161335, 0.0995096, 0.110555, 0.152545, 0.15374, 0.0998667, 0.110911, 0.152708, 0.153903
1, 5, 7, 9, 10, 0.115315, 0.126048, 0.177582, 0.178486, 0.11377, 0.124513, 0.172578, 0.173539, 0.113972, 0.124713, 0.172632, 0.173596
1, 5, 7, 8, 11, 0.109622, 0.120934, 0.166098, 0.167736, 0.109381, 0.120693, 0.165577, 0.16721, 0.108937, 0.120247, 0.164801, 0.166436
1, 5, 7, 8, 10, 0.112774, 0.12405, 0.169798, 0.171281, 0.112939, 0.124215, 0.169884, 0.171358, 0.112774, 0.124049, 0.169583, 0.171056
1, 5, 7, 8, 9, 0.108765, 0.119533, 0.170818, 0.171859, 0.106709, 0.117489, 0.164046, 0.165166, 0.106891, 0.117674, 0.164016, 0.165146
1, 5, 6, 10, 11, 0.107486, 0.117917, 0.174759, 0.175633, 0.100669, 0.111189, 0.156701, 0.157908, 0.10077, 0.111303, 0.156129, 0.157362
1, 5, 6, 9, 11, 0.0993333, 0.109238, 0.148336, 0.149116, 0.0915262, 0.101449, 0.132729, 0.133721, 0.0919174, 0.101827, 0.133604, 0.134565
1, 5, 6, 9, 10, 0.107427, 0.116903, 0.158576, 0.159124, 0.0997104, 0.109199, 0.143063, 0.143829, 0.100334, 0.109814, 0.144269, 0.145007
1, 5, 6, 8, 11, 0.108963, 0.119309, 0.180163, 0.18111, 0.103668, 0.114108, 0.162885, 0.164191, 0.103426, 0.113883, 0.161868, 0.1632
1, 5, 6, 8, 10, 0.109773, 0.120024, 0.178691, 0.179556, 0.104449, 0.114785, 0.162538, 0.163697, 0.104603, 0.114952, 0.162155, 0.163348
1, 5, 6, 8, 9, 0.10656, 0.116239, 0.160033, 0.160782, 0.0961988, 0.105888, 0.139733, 0.140699, 0.0978145, 0.107477, 0.143374, 0.144264
1, 5, 6, 7, 11, 0.106815, 0.117032, 0.171524, 0.172362, 0.103375, 0.113673, 0.159792, 0.160854, 0.103657, 0.113966, 0.159628, 0.16071
1, 5, 6, 7, 10, 0.119722, 0.129661, 0.188314, 0.189041, 0.117007, 0.126973, 0.179371, 0.18021, 0.117191, 0.12716, 0.179422, 0.180274
1, 5, 6, 7, 9, 0.132383, 0.141319, 0.202479, 0.202819, 0.120613, 0.129561, 0.177931, 0.178489, 0.120631, 0.129577, 0.177858, 0.178415
1, 5, 6, 7, 8, 0.112677, 0.122697, 0.180799, 0.181659, 0.108529, 0.118604, 0.168014, 0.169052, 0.108324, 0.118416, 0.167048, 0.168124
1, 4, 9, 10, 11, 0.104145, 0.11503, 0.167866, 0.168626, 0.0986881, 0.109624, 0.15113, 0.152153, 0.098873, 0.109806, 0.150911, 0.151926
1, 4, 8, 10, 11, 0.118264, 0.129573, 0.180807, 0.18228, 0.116584, 0.127892, 0.177925, 0.179408, 0.116517, 0.127824, 0.177736, 0.179219
1, 4, 8, 9, 11, 0.105036, 0.115843, 0.177441, 0.178123, 0.0985255, 0.109413, 0.152896, 0.154014, 0.0991707, 0.110046, 0.153449, 0.154526
1, 4, 8, 9, 10, 0.105725, 0.116459, 0.16779, 0.168619, 0.102741, 0.113506, 0.156993, 0.15799, 0.102871, 0.113635, 0.15686, 0.157855
1, 4, 7, 10, 11, 0.118035, 0.129303, 0.178263, 0.179477, 0.117334, 0.128599, 0.177067, 0.178278, 0.117054, 0.12832, 0.176625, 0.177839
1, 4, 7, 9, 11, 0.104439, 0.115037, 0.167286, 0.167872, 0.101081, 0.111736, 0.154589, 0.155388, 0.101839, 0.112486, 0.155196, 0.155983
1, 4, 7, 9, 10, 0.117868, 0.128093, 0.182904, 0.183347, 0.115736, 0.125989, 0.174793, 0.175342, 0.115969, 0.126216, 0.174586, 0.175137
1, 4, 7, 8, 11, 0.113208, 0.124366, 0.171028, 0.172417, 0.113158, 0.124314, 0.170802, 0.172186, 0.112639, 0.123794, 0.169971, 0.171359
1, 4, 7, 8, 10, 0.116622, 0.127679, 0.1752, 0.176385, 0.116807, 0.127862, 0.175398, 0.176571, 0.116595, 0.12765, 0.175023, 0.176197
1, 4, 7, 8, 9, 0.111223, 0.121599, 0.176864, 0.177462, 0.108195, 0.118606, 0.165774, 0.166526, 0.108356, 0.118774, 0.165403, 0.166176
1, 4, 6, 10, 11, 0.108753, 0.118788, 0.175913, 0.176417, 0.102884, 0.113034, 0.158791, 0.159657, 0.102959, 0.113121, 0.1584, 0.159284
1, 4, 6, 9, 11, 0.102306, 0.111553, 0.151817, 0.152081, 0.0943992, 0.103712, 0.136125, 0.136628, 0.0950663, 0.104342, 0.13737, 0.137806
1, 4, 6, 9, 10, 0.10933, 0.117991, 0.160147, 0.16013, 0.10238, 0.111079, 0.146008, 0.146182, 0.102994, 0.111666, 0.14712, 0.147249
1, 4, 6, 8, 11, 0.109203, 0.119264, 0.179026, 0.179691, 0.104398, 0.114576, 0.162576, 0.163624, 0.104132, 0.114329, 0.161682, 0.162761
1, 4, 6, 8, 10, 0.110797, 0.120698, 0.179166, 0.179689, 0.105743, 0.115752, 0.163081, 0.163941, 0.106134, 0.116156, 0.163293, 0.164177
1, 4, 6, 8, 9, 0.107954, 0.116966, 0.160631, 0.160876, 0.0983729, 0.107434, 0.141902, 0.142367, 0.0994794, 0.108502, 0.143981, 0.144376
1, 4, 6, 7, 11, 0.109318, 0.119109, 0.174581, 0.175011, 0.106224, 0.116112, 0.163223, 0.1639, 0.106464, 0.116363, 0.163096, 0.163789
1, 4, 6, 7, 10, 0.123485, 0.13285, 0.194183, 0.194424, 0.120645, 0.130062, 0.184276, 0.184666, 0.120808, 0.13023, 0.184222, 0.184628
1, 4, 6, 7, 9, 0.133814, 0.141831, 0.203105, 0.202882, 0.123766, 0.131809, 0.18163, 0.18158, 0.123573, 0.131606, 0.180992, 0.180948
1, 4, 6, 7, 8, 0.114926, 0.124534, 0.183256, 0.18373, 0.110865, 0.120538, 0.170564, 0.171232, 0.111344, 0.121025, 0.170953, 0.171635
1, 4, 5, 10, 11, 0.121144, 0.132554, 0.185249, 0.186689, 0.121829, 0.133239, 0.186115, 0.187541, 0.121728, 0.133137, 0.18592, 0.187347
1, 4, 5, 9, 11, 0.106134, 0.116853, 0.176863, 0.177467, 0.101959, 0.112784, 0.15871, 0.159708, 0.101978, 0.112807, 0.157931, 0.158939
1, 4, 5, 9, 10, 0.115157, 0.125564, 0.182703, 0.183336, 0.112932, 0.123383, 0.172969, 0.173771, 0.112856, 0.123307, 0.172046, 0.172863
1, 4, 5, 8, 11, 0.161876, 0.172863, 0.243742, 0.244956, 0.16167, 0.172659, 0.243548, 0.244759, 0.1625, 0.173485, 0.244383, 0.245586
1, 4, 5, 8, 10, 0.123652, 0.134789, 0.188832, 0.190171, 0.1241, 0.135236, 0.189365, 0.190691, 0.12393, 0.135065, 0.189054, 0.19038
1, 4, 5, 8, 9, 0.111358, 0.121797, 0.182729, 0.183372, 0.107898, 0.118402, 0.167864, 0.16878, 0.108053, 0.118558, 0.167466, 0.168393
1, 4, 5, 7, 11, 0.116325, 0.127539, 0.176357, 0.177688, 0.117115, 0.12833, 0.177521, 0.178835, 0.116763, 0.127976, 0.176945, 0.178259
1, 4, 5, 7, 10, 0.142951, 0.153508, 0.214767, 0.215684, 0.143361, 0.153917, 0.215351, 0.216257, 0.142703, 0.153259, 0.214331, 0.215238
1, 4, 5, 7, 9, 0.141364, 0.151162, 0.227142, 0.227474, 0.138465, 0.148328, 0.214367, 0.214919, 0.138324, 0.148198, 0.213331, 0.213916
1, 4, 5, 7, 8, 0.11947, 0.130355, 0.180536, 0.181762, 0.119734, 0.130618, 0.18078, 0.181993, 0.119545, 0.130428, 0.180513, 0.181725
1, 4, 5, 6, 11, 0.111024, 0.121089, 0.180611, 0.181275, 0.107801, 0.117982, 0.168398, 0.169375, 0.107309, 0.117513, 0.167078, 0.168095
1, 4, 5, 6, 10, 0.119556, 0.129233, 0.190577, 0.191116, 0.116653, 0.126393, 0.180134, 0.180868, 0.116242, 0.125997, 0.178993, 0.179755
1, 4, 5, 6, 9, 0.1786, 0.186904, 0.288283, 0.288459, 0.154204, 0.162559, 0.23807, 0.238429, 0.154447, 0.162793, 0.238966, 0.239323
1, 4, 5, 6, 8, 0.116824, 0.126625, 0.189316, 0.189984, 0.113223, 0.123109, 0.176731, 0.177648, 0.112769, 0.122672, 0.17544, 0.176394
1, 4, 5, 6, 7, 0.13923, 0.148354, 0.224052, 0.224438, 0.136331, 0.145505, 0.213559, 0.214103, 0.136771, 0.14595, 0.21413, 0.214692
1, 3, 9, 10, 11, 0.105616, 0.11605, 0.160991, 0.161807, 0.100763, 0.111192, 0.152346, 0.153229, 0.100724, 0.111157, 0.152216, 0.153106
1, 3, 8, 10, 11, 0.108091, 0.118929, 0.165103, 0.166397, 0.103989, 0.114824, 0.156999, 0.158358, 0.103572, 0.114415, 0.156703, 0.158101
1, 3, 8, 9, 11, 0.103347, 0.113882, 0.158662, 0.159738, 0.100383, 0.110911, 0.153194, 0.154326, 0.100628, 0.11116, 0.153551, 0.154686
1, 3, 8, 9, 10, 0.105267, 0.115522, 0.159834, 0.160631, 0.10277, 0.113022, 0.154848, 0.155695, 0.102977, 0.113232, 0.155151, 0.156003
1, 3, 7, 10, 11, 0.113317, 0.12401, 0.171033, 0.172044, 0.112162, 0.122857, 0.168181, 0.169218, 0.111691, 0.122388, 0.167813, 0.168862
1, 3, 7, 9, 11, 0.101738, 0.111767, 0.153523, 0.154115, 0.0996232, 0.109662, 0.149342, 0.149993, 0.099787, 0.109829, 0.149574, 0.150224
1, 3, 7, 9, 10, 0.115636, 0.12518, 0.172483, 0.172771, 0.113499, 0.123047, 0.168498, 0.168825, 0.113873, 0.12342, 0.169051, 0.169373
1, 3, 7, 8, 11, 0.108495, 0.119145, 0.163691, 0.16491, 0.107563, 0.118212, 0.16131, 0.162553, 0.10673, 0.117383, 0.160315, 0.161578
1, 3, 7, 8, 10, 0.111486, 0.122014, 0.16766, 0.168645, 0.110626, 0.121155, 0.165391, 0.166392, 0.110286, 0.120818, 0.165295, 0.16631
1, 3, 7, 8, 9, 0.107814, 0.117619, 0.163148, 0.163695, 0.105226, 0.115035, 0.158085, 0.158679, 0.105476, 0.115275, 0.158582, 0.15916
1, 3, 6, 10, 11, 0.110006, 0.119794, 0.167629, 0.168394, 0.106042, 0.115824, 0.160167, 0.160982, 0.105618, 0.115391, 0.159592, 0.160402
1, 3, 6, 9, 11, 0.110798, 0.119432, 0.165789, 0.165521, 0.106092, 0.114753, 0.158192, 0.158008, 0.106442, 0.115108, 0.158569, 0.158395
1, 3, 6, 9, 10, 0.113852, 0.121596, 0.164544, 0.164073, 0.108785, 0.11654, 0.155768, 0.155373, 0.109093, 0.116853, 0.156182, 0.155792
1, 3, 6, 8, 11, 0.109197, 0.119142, 0.167531, 0.168585, 0.10589, 0.115822, 0.161362, 0.162453, 0.106231, 0.116171, 0.162191, 0.163285
1, 3, 6, 8, 10, 0.109715, 0.119368, 0.166736, 0.167503, 0.10632, 0.11597, 0.160007, 0.16082, 0.106832, 0.116482, 0.160962, 0.161777
1, 3, 6, 8, 9, 0.107046, 0.115452, 0.156632, 0.156577, 0.102135, 0.110553, 0.14803, 0.148065, 0.102503, 0.110915, 0.148532, 0.148565
1, 3, 6, 7, 11, 0.108991, 0.118315, 0.165065, 0.165535, 0.106485, 0.115836, 0.15993, 0.160493, 0.106491, 0.115838, 0.160124, 0.160676
1, 3, 6, 7, 10, 0.123285, 0.132054, 0.186079, 0.186209, 0.120243, 0.129031, 0.179886, 0.180091, 0.120873, 0.129661, 0.181175, 0.18138
1, 3, 6, 7, 9, 0.12635, 0.133111, 0.183952, 0.183267, 0.122147, 0.128919, 0.175692, 0.175098, 0.122245, 0.129026, 0.175802, 0.175216
1, 3, 6, 7, 8, 0.113712, 0.122839, 0.172931, 0.173366, 0.109928, 0.119075, 0.165195, 0.165723, 0.109887, 0.119052, 0.165215, 0.165756
1, 3, 5, 10, 11, 0.101255, 0.11226, 0.15269, 0.15417, 0.101423, 0.112429, 0.152239, 0.15373, 0.101208, 0.112219, 0.152057, 0.153565
1, 3, 5, 9, 11, 0.100341, 0.110774, 0.153648, 0.154651, 0.0992507, 0.109684, 0.151278, 0.152317, 0.0994104, 0.109845, 0.15156, 0.152598
1, 3, 5, 9, 10, 0.110306, 0.12024, 0.166497, 0.167187, 0.10867, 0.118601, 0.163193, 0.163921, 0.108927, 0.118851, 0.163736, 0.16445
1, 3, 5, 8, 11, 0.117077, 0.127782, 0.177081, 0.178555, 0.117453, 0.128162, 0.177365, 0.178849, 0.11631, 0.127022, 0.175294, 0.1768
1, 3, 5, 8, 10, 0.10466, 0.115443, 0.157834, 0.159222, 0.104101, 0.114885, 0.156211, 0.157614, 0.104026, 0.114815, 0.156175, 0.1576
1, 3, 5, 8, 9, 0.104722, 0.11482, 0.160602, 0.161502, 0.102874, 0.112969, 0.156664, 0.157607, 0.103054, 0.113158, 0.156996, 0.157946
1, 3, 5, 7, 11, 0.103391, 0.114195, 0.15568, 0.156978, 0.103757, 0.114564, 0.155698, 0.157001, 0.103384, 0.114195, 0.155241, 0.156558
1, 3, 5, 7, 10, 0.120869, 0.131208, 0.180551, 0.181485, 0.120452, 0.130792, 0.179408, 0.180344, 0.120062, 0.130403, 0.178975, 0.179918
1, 3, 5, 7, 9, 0.127376, 0.136658, 0.193591, 0.194006, 0.125905, 0.135184, 0.190408, 0.190874, 0.126466, 0.135746, 0.191339, 0.191803
1, 3, 5, 7, 8, 0.109353, 0.119861, 0.165095, 0.166279, 0.108518, 0.119028, 0.162986, 0.16418, 0.108236, 0.118749, 0.162836, 0.164046
1, 3, 5, 6, 11, 0.106614, 0.116514, 0.163394, 0.164384, 0.104394, 0.1143, 0.158837, 0.159888, 0.104328, 0.114244, 0.158976, 0.160033
1, 3, 5, 6, 10, 0.114911, 0.124249, 0.174049, 0.174705, 0.112168, 0.12151, 0.168418, 0.169133, 0.111988, 0.121342, 0.168248, 0.168973
1, 3, 5, 6, 9, 0.148078, 0.155537, 0.225745, 0.225696, 0.13902, 0.1465, 0.208145, 0.208176, 0.139279, 0.146757, 0.208635, 0.208666
1, 3, 5, 6, 8, 0.112364, 0.12195, 0.172491, 0.17339, 0.109025, 0.118615, 0.165712, 0.166682, 0.108796, 0.118405, 0.165472, 0.166456
1, 3, 5, 6, 7, 0.129914, 0.13858, 0.199303, 0.19971, 0.126867, 0.135535, 0.193084, 0.19355, 0.128012, 0.136674, 0.195431, 0.195889
1, 3, 4, 10, 11, 0.106113, 0.116806, 0.159822, 0.160958, 0.106638, 0.117331, 0.159833, 0.160971, 0.106729, 0.117424, 0.160192, 0.161337
1, 3, 4, 9, 11, 0.103406, 0.113287, 0.157633, 0.158163, 0.102136, 0.112017, 0.154809, 0.155366, 0.102233, 0.112117, 0.15497, 0.155529
1, 3, 4, 9, 10, 0.113733, 0.122973, 0.170921, 0.171083, 0.112114, 0.121348, 0.167567, 0.16775, 0.11228, 0.121517, 0.167869, 0.168053
1, 3, 4, 8, 11, 0.118304, 0.128837, 0.178579, 0.179824, 0.118957, 0.129487, 0.179318, 0.180555, 0.117277, 0.127811, 0.176824, 0.17808
1, 3, 4, 8, 10, 0.108351, 0.118844, 0.163045, 0.164115, 0.108112, 0.118604, 0.161828, 0.162899, 0.107944, 0.118439, 0.161869, 0.162952
1, 3, 4, 8, 9, 0.107595, 0.117121, 0.164208, 0.16462, 0.105803, 0.115326, 0.160242, 0.160684, 0.105983, 0.115509, 0.160594, 0.161038
1, 3, 4, 7, 11, 0.10939, 0.119842, 0.164198, 0.165124, 0.110019, 0.120474, 0.164513, 0.165443, 0.109623, 0.12008, 0.164132, 0.165071
1, 3, 4, 7, 10, 0.129349, 0.139096, 0.19232, 0.19278, 0.129369, 0.139116, 0.191975, 0.192428, 0.128367, 0.13812, 0.190556, 0.19102
1, 3, 4, 7, 9, 0.132877, 0.141302, 0.201145, 0.200997, 0.131539, 0.139956, 0.198076, 0.197963, 0.131527, 0.139954, 0.198023, 0.197919
1, 3, 4, 7, 8, 0.114124, 0.124273, 0.17163, 0.172454, 0.113454, 0.123604, 0.169697, 0.170526, 0.113242, 0.123396, 0.169553, 0.170395
1, 3, 4, 6, 11, 0.109855, 0.119151, 0.167612, 0.168101, 0.10759, 0.116894, 0.162872, 0.163417, 0.107355, 0.116652, 0.162758, 0.163294
1, 3, 4, 6, 10, 0.119844, 0.128424, 0.180596, 0.1807, 0.117165, 0.125745, 0.175083, 0.175222, 0.117164, 0.12575, 0.175535, 0.175681
1, 3, 4, 6, 9, 0.178099, 0.183573, 0.274594, 0.273684, 0.162922, 0.168449, 0.246384, 0.245498, 0.163145, 0.168672, 0.246749, 0.245861
1, 3, 4, 6, 8, 0.114879, 0.123852, 0.175497, 0.175906, 0.111708, 0.120686, 0.169032, 0.169496, 0.111652, 0.120624, 0.169257, 0.169714
1, 3, 4, 6, 7, 0.13571, 0.143475, 0.207415, 0.207236, 0.132547, 0.14031, 0.200828, 0.200688, 0.133578, 0.14134, 0.203212, 0.203078
1, 3, 4, 5, 11, 0.122615, 0.133232, 0.184839, 0.186021, 0.123219, 0.133841, 0.185667, 0.186844, 0.121962, 0.132585, 0.183535, 0.184727
1, 3, 4, 5, 10, 0.122847, 0.133056, 0.18381, 0.184681, 0.122888, 0.133099, 0.183363, 0.184233, 0.122138, 0.13235, 0.182406, 0.183288
1, 3, 4, 5, 9, 0.145664, 0.154407, 0.227986, 0.22817, 0.144393, 0.153131, 0.224608, 0.224847, 0.144518, 0.153258, 0.225158, 0.225398
1, 3, 4, 5, 8, 0.130034, 0.140414, 0.195259, 0.196316, 0.129815, 0.140198, 0.194637, 0.195695, 0.129069, 0.139452, 0.193432, 0.194499
1, 3, 4, 5, 7, 0.134982, 0.144581, 0.205153, 0.205767, 0.134809, 0.144409, 0.204329, 0.204956, 0.13459, 0.144193, 0.204231, 0.204865
1, 3, 4, 5, 6, 0.157217, 0.16538, 0.248038, 0.248235, 0.153909, 0.162079, 0.240396, 0.240664, 0.154536, 0.162697, 0.242454, 0.242715
1, 2, 9, 10, 11, 0.106457, 0.117287, 0.167774, 0.168764, 0.103532, 0.114374, 0.161128, 0.162208, 0.103588, 0.114427, 0.161076, 0.16215
1, 2, 8, 10, 11, 0.122108, 0.133204, 0.189599, 0.191039, 0.121541, 0.132639, 0.188629, 0.190072, 0.121349, 0.132446, 0.188155, 0.1896
1, 2, 8, 9, 11, 0.105347, 0.116099, 0.16813, 0.169235, 0.103715, 0.114477, 0.162848, 0.164053, 0.104072, 0.114831, 0.163574, 0.164759
1, 2, 8, 9, 10, 0.108435, 0.118954, 0.171019, 0.171865, 0.106728, 0.117265, 0.165528, 0.166468, 0.106998, 0.117527, 0.165831, 0.16676
1, 2, 7, 10, 11, 0.116999, 0.128064, 0.176937, 0.178202, 0.116748, 0.127813, 0.176602, 0.177864, 0.116735, 0.127801, 0.176408, 0.177673
1, 2, 7, 9, 11, 0.10282, 0.113219, 0.16085, 0.161593, 0.101262, 0.111681, 0.156284, 0.157109, 0.101558, 0.111972, 0.156697, 0.157512
1, 2, 7, 9, 10, 0.117109, 0.127056, 0.179491, 0.179982, 0.115829, 0.125786, 0.176294, 0.17682, 0.115943, 0.125903, 0.176365, 0.176896
1, 2, 7, 8, 11, 0.112088, 0.123027, 0.169787, 0.171212, 0.112297, 0.123237, 0.170136, 0.171555, 0.111986, 0.122925, 0.169589, 0.171011
1, 2, 7, 8, 10, 0.115926, 0.126682, 0.174109, 0.175289, 0.11603, 0.126786, 0.174251, 0.175427, 0.115875, 0.126631, 0.173951, 0.175128
1, 2, 7, 8, 9, 0.11018, 0.120232, 0.171909, 0.172546, 0.108283, 0.118348, 0.166951, 0.167642, 0.108397, 0.118465, 0.167067, 0.167762
1, 2, 6, 10, 11, 0.110362, 0.120331, 0.177284, 0.177961, 0.106358, 0.116386, 0.165599, 0.166496, 0.106497, 0.11653, 0.165559, 0.166461
1, 2, 6, 9, 11, 0.110526, 0.119359, 0.169818, 0.169592, 0.103859, 0.11279, 0.155872, 0.155983, 0.105385, 0.11429, 0.159311, 0.159327
1, 2, 6, 9, 10, 0.111493, 0.119625, 0.164402, 0.164132, 0.106493, 0.114687, 0.154699, 0.154626, 0.10705, 0.115225, 0.155814, 0.155703
1, 2, 6, 8, 11, 0.109906, 0.119883, 0.177505, 0.17839, 0.107404, 0.117424, 0.168651, 0.169718, 0.107445, 0.117474, 0.168823, 0.16989
1, 2, 6, 8, 10, 0.111536, 0.121265, 0.178921, 0.179545, 0.108054, 0.117842, 0.167825, 0.168656, 0.108209, 0.118004, 0.167732, 0.168577
1, 2, 6, 8, 9, 0.108562, 0.117028, 0.163956, 0.163814, 0.101939, 0.110478, 0.150627, 0.150727, 0.103343, 0.111842, 0.153864, 0.153867
1, 2, 6, 7, 11, 0.109028, 0.118583, 0.174001, 0.174477, 0.106683, 0.11631, 0.165222, 0.165898, 0.106803, 0.116428, 0.16506, 0.165735
1, 2, 6, 7, 10, 0.123305, 0.132362, 0.194303, 0.194508, 0.120734, 0.129844, 0.185681, 0.186041, 0.120855, 0.129957, 0.185508, 0.185874
1, 2, 6, 7, 9, 0.127745, 0.134943, 0.190814, 0.19038, 0.122844, 0.130086, 0.180167, 0.179861, 0.122912, 0.130134, 0.180325, 0.180001
1, 2, 6, 7, 8, 0.114534, 0.123793, 0.182559, 0.182966, 0.110933, 0.120253, 0.171682, 0.172271, 0.110788, 0.120122, 0.170983, 0.171597
1, 2, 5, 10, 11, 0.123699, 0.134836, 0.191873, 0.193268, 0.124066, 0.135205, 0.19211, 0.193499, 0.124168, 0.135305, 0.192285, 0.193674
1, 2, 5, 9, 11, 0.102282, 0.112794, 0.162404, 0.163357, 0.101628, 0.11216, 0.159129, 0.160173, 0.101931, 0.112457, 0.159749, 0.160768
1, 2, 5, 9, 10, 0.112921, 0.123007, 0.175024, 0.175755, 0.112169, 0.122263, 0.172782, 0.173545, 0.112313, 0.122403, 0.172948, 0.173706
1, 2, 5, 8, 11, 0.177037, 0.187758, 0.268374, 0.269423, 0.17659, 0.187313, 0.267873, 0.268922, 0.17851, 0.189228, 0.269904, 0.270942
1, 2, 5, 8, 10, 0.12832, 0.139118, 0.199628, 0.200867, 0.128612, 0.139411, 0.199955, 0.201189, 0.128361, 0.139158, 0.199495, 0.20073
1, 2, 5, 8, 9, 0.107733, 0.117854, 0.170297, 0.171122, 0.106673, 0.116804, 0.166629, 0.167512, 0.106892, 0.117024, 0.167086, 0.167963
1, 2, 5, 7, 11, 0.114712, 0.125596, 0.174196, 0.175503, 0.115369, 0.126253, 0.175206, 0.176505, 0.115165, 0.126048, 0.174838, 0.176137
1, 2, 5, 7, 10, 0.141747, 0.15188, 0.212869, 0.213718, 0.141873, 0.152007, 0.213098, 0.213943, 0.141301, 0.151434, 0.212223, 0.213069
1, 2, 5, 7, 9, 0.139393, 0.148637, 0.222737, 0.222916, 0.136942, 0.146242, 0.212591, 0.212959, 0.137036, 0.14634, 0.212151, 0.212541
1, 2, 5, 7, 8, 0.118445, 0.12892, 0.179202, 0.180363, 0.118392, 0.128868, 0.179032, 0.180188, 0.118124, 0.128598, 0.178645, 0.179801
1, 2, 5, 6, 11, 0.109411, 0.119182, 0.177926, 0.178613, 0.106754, 0.116614, 0.167842, 0.168808, 0.106755, 0.116611, 0.16768, 0.16863
1, 2, 5, 6, 10, 0.117554, 0.126867, 0.186617, 0.187128, 0.115279, 0.124638, 0.178654, 0.179327, 0.115498, 0.124855, 0.17876, 0.179437
1, 2, 5, 6, 9, 0.169787, 0.177206, 0.269513, 0.26944, 0.150777, 0.158315, 0.230706, 0.230801, 0.150614, 0.158095, 0.231212, 0.231241
1, 2, 5, 6, 8, 0.114315, 0.123736, 0.184481, 0.185121, 0.111365, 0.120848, 0.174505, 0.175356, 0.111456, 0.120937, 0.174587, 0.175433
1, 2, 5, 6, 7, 0.136819, 0.145395, 0.219762, 0.219963, 0.134136, 0.142765, 0.210372, 0.210737, 0.13396, 0.1426, 0.209632, 0.210018
1, 2, 4, 10, 11, 0.124044, 0.135036, 0.188947, 0.190128, 0.124355, 0.135347, 0.189378, 0.190553, 0.12421, 0.135201, 0.189082, 0.190258
1, 2, 4, 9, 11, 0.105908, 0.116033, 0.16848, 0.168994, 0.104486, 0.114642, 0.162344, 0.162987, 0.104665, 0.114819, 0.162525, 0.16316
1, 2, 4, 9, 10, 0.116571, 0.126086, 0.181205, 0.181437, 0.115077, 0.124614, 0.175781, 0.176105, 0.115186, 0.124721, 0.175756, 0.176081
1, 2, 4, 8, 11, 0.153555, 0.164257, 0.230735, 0.231834, 0.154071, 0.164774, 0.231639, 0.232734, 0.15443, 0.165129, 0.231831, 0.23292
1, 2, 4, 8, 10, 0.125821, 0.136483, 0.191495, 0.192555, 0.125909, 0.13657, 0.19153, 0.192587, 0.125876, 0.136536, 0.1914, 0.192456
1, 2, 4, 8, 9, 0.111326, 0.121007, 0.177309, 0.17765, 0.109364, 0.119073, 0.169646, 0.170122, 0.109718, 0.119425, 0.170219, 0.17069
1, 2, 4, 7, 11, 0.122013, 0.132657, 0.184022, 0.185006, 0.122473, 0.133116, 0.184712, 0.185689, 0.122128, 0.132771, 0.184181, 0.185159
1, 2, 4, 7, 10, 0.16081, 0.170399, 0.239183, 0.239601, 0.161501, 0.171089, 0.24016, 0.240573, 0.161109, 0.170696, 0.239629, 0.240037
1, 2, 4, 7, 9, 0.146837, 0.155254, 0.236021, 0.235554, 0.143455, 0.151992, 0.22189, 0.221746, 0.143184, 0.151733, 0.220599, 0.220489
1, 2, 4, 7, 8, 0.123749, 0.133975, 0.186086, 0.186938, 0.123869, 0.134094, 0.186186, 0.187032, 0.123641, 0.133865, 0.185823, 0.18667
1, 2, 4, 6, 11, 0.113397, 0.122708, 0.184091, 0.184294, 0.110102, 0.119534, 0.172023, 0.172556, 0.109995, 0.119432, 0.171495, 0.172038
1, 2, 4, 6, 10, 0.122957, 0.131613, 0.195221, 0.195173, 0.120059, 0.128799, 0.184954, 0.185142, 0.120072, 0.128816, 0.184697, 0.184898
1, 2, 4, 6, 9, 0.213491, 0.219338, 0.340294, 0.339575, 0.181789, 0.187808, 0.282218, 0.281642, 0.182318, 0.188309, 0.283495, 0.282879
1, 2, 4, 6, 8, 0.117693, 0.126612, 0.190071, 0.190212, 0.114115, 0.123132, 0.177911, 0.17833, 0.114358, 0.123378, 0.178025, 0.178454
1, 2, 4, 6, 7, 0.144037, 0.15174, 0.231102, 0.230696, 0.140748, 0.148552, 0.219664, 0.219497, 0.140345, 0.148163, 0.218611, 0.21847
1, 2, 4, 5, 11, 0.160525, 0.171164, 0.240852, 0.241799, 0.160928, 0.171569, 0.241367, 0.242313, 0.161712, 0.172349, 0.242054, 0.242992
1, 2, 4, 5, 10, 0.163389, 0.173414, 0.244712, 0.245394, 0.163558, 0.173583, 0.244977, 0.245654, 0.163311, 0.173335, 0.244492, 0.245171
1, 2, 4, 5, 9, 0.164511, 0.173113, 0.267832, 0.267667, 0.161585, 0.170282, 0.255552, 0.255669, 0.161104, 0.169824, 0.25381, 0.253977
1, 2, 4, 5, 8, 0.165329, 0.175624, 0.247433, 0.248239, 0.165473, 0.175769, 0.247513, 0.248316, 0.166698, 0.176988, 0.248972, 0.249763
1, 2, 4, 5, 7, 0.170536, 0.179664, 0.259044, 0.25945, 0.170642, 0.179769, 0.259143, 0.259547, 0.170523, 0.179649, 0.258889, 0.259295
1, 2, 4, 5, 6, 0.166923, 0.174928, 0.269666, 0.269736, 0.164802, 0.172842, 0.261976, 0.262168, 0.16579, 0.173824, 0.264272, 0.264463
1, 2, 3, 10, 11, 0.10879, 0.119375, 0.165775, 0.166836, 0.10902, 0.119618, 0.165017, 0.166131, 0.108818, 0.119417, 0.16509, 0.166211
1, 2, 3, 9, 11, 0.113862, 0.123443, 0.178757, 0.178987, 0.111843, 0.121425, 0.174626, 0.174883, 0.112225, 0.121813, 0.17551, 0.175772
1, 2, 3, 9, 10, 0.115769, 0.124459, 0.175508, 0.175497, 0.114647, 0.123339, 0.173151, 0.173161, 0.11475, 0.123444, 0.173348, 0.17336
1, 2, 3, 8, 11, 0.119253, 0.129728, 0.182741, 0.183879, 0.118477, 0.128972, 0.180225, 0.181459, 0.117382, 0.127878, 0.178565, 0.179816
1, 2, 3, 8, 10, 0.109264, 0.119594, 0.16589, 0.166903, 0.108862, 0.119199, 0.164177, 0.165224, 0.108995, 0.119334, 0.16445, 0.165504
1, 2, 3, 8, 9, 0.110858, 0.119959, 0.171466, 0.171659, 0.109337, 0.118437, 0.168158, 0.168366, 0.109529, 0.118633, 0.168561, 0.168776
1, 2, 3, 7, 11, 0.1109, 0.121178, 0.167633, 0.168528, 0.1116, 0.12189, 0.16797, 0.168891, 0.111097, 0.121389, 0.167528, 0.168459
1, 2, 3, 7, 10, 0.130114, 0.13962, 0.194786, 0.195229, 0.13018, 0.139691, 0.194678, 0.195128, 0.129178, 0.138691, 0.193256, 0.193713
1, 2, 3, 7, 9, 0.131884, 0.138988, 0.19884, 0.198477, 0.13159, 0.138693, 0.197746, 0.197402, 0.132272, 0.139375, 0.198883, 0.198543
1, 2, 3, 7, 8, 0.114307, 0.124186, 0.172931, 0.173685, 0.113702, 0.12359, 0.171042, 0.171818, 0.113624, 0.123514, 0.171027, 0.171814
1, 2, 3, 6, 11, 0.117175, 0.126204, 0.182819, 0.183046, 0.114694, 0.123732, 0.177664, 0.17794, 0.114689, 0.123752, 0.177931, 0.178224
1, 2, 3, 6, 10, 0.122045, 0.130144, 0.185086, 0.18504, 0.120112, 0.128219, 0.181181, 0.181165, 0.120046, 0.128154, 0.181256, 0.181242
1, 2, 3, 6, 9, 0.337041, 0.340724, 0.529085, 0.527652, 0.315549, 0.319384, 0.496284, 0.495002, 0.323076, 0.326843, 0.508497, 0.507119
1, 2, 3, 6, 8, 0.116978, 0.12551, 0.181016, 0.181155, 0.114218, 0.12276, 0.17529, 0.175467, 0.11421, 0.122736, 0.175597, 0.175762
1, 2, 3, 6, 7, 0.134697, 0.141675, 0.205917, 0.205517, 0.132434, 0.139422, 0.201351, 0.200976, 0.132135, 0.139141, 0.200997, 0.200636
1, 2, 3, 5, 11, 0.120204, 0.130597, 0.182456, 0.183557, 0.120172, 0.130591, 0.182134, 0.183298, 0.119012, 0.129432, 0.180215, 0.181396
1, 2, 3, 5, 10, 0.12069, 0.130551, 0.181517, 0.182322, 0.12063, 0.1305, 0.180687, 0.181514, 0.119774, 0.129648, 0.179451, 0.18029
1, 2, 3, 5, 9, 0.146582, 0.154563, 0.229269, 0.229247, 0.14577, 0.153758, 0.226786, 0.226812, 0.145921, 0.153911, 0.227445, 0.227472
1, 2, 3, 5, 8, 0.126723, 0.136793, 0.191076, 0.192057, 0.125991, 0.136079, 0.189476, 0.190503, 0.124771, 0.134859, 0.187634, 0.188677
1, 2, 3, 5, 7, 0.132942, 0.142048, 0.202588, 0.203092, 0.132881, 0.141992, 0.201838, 0.202366, 0.132528, 0.141642, 0.20139, 0.201925
1, 2, 3, 5, 6, 0.159524, 0.1669, 0.251129, 0.251078, 0.156745, 0.164157, 0.244275, 0.244307, 0.156228, 0.163622, 0.244342, 0.244371
1, 2, 3, 4, 11, 0.122688, 0.132767, 0.185561, 0.186308, 0.12262, 0.132722, 0.185069, 0.18587, 0.121217, 0.131322, 0.183102, 0.183918
1, 2, 3, 4, 10, 0.128915, 0.138161, 0.192619, 0.19293, 0.128666, 0.137921, 0.191865, 0.192193, 0.127606, 0.136866, 0.190364, 0.190705
1, 2, 3, 4, 9, 0.168808, 0.175315, 0.264376, 0.263649, 0.166015, 0.172531, 0.258826, 0.258123, 0.166081, 0.172601, 0.259623, 0.258923
1, 2, 3, 4, 8, 0.128608, 0.138287, 0.193602, 0.194201, 0.12796, 0.137658, 0.192093, 0.192734, 0.126796, 0.136494, 0.190427, 0.191082
1, 2, 3, 4, 7, 0.141982, 0.150235, 0.214755, 0.214695, 0.141561, 0.149817, 0.213678, 0.213632, 0.14116, 0.14942, 0.213203, 0.213168
1, 2, 3, 4, 6, 0.179288, 0.185111, 0.283514, 0.282748, 0.174104, 0.179956, 0.272815, 0.272085, 0.175279, 0.181119, 0.276476, 0.275746
1, 2, 3, 4, 5, 0.171994, 0.180606, 0.264539, 0.264812, 0.172425, 0.181042, 0.264881, 0.265171, 0.171837, 0.180457, 0.264089, 0.264388
0, 8, 9, 10, 11, 0.116967, 0.128008, 0.185079, 0.186203, 0.100141, 0.111151, 0.154558, 0.15587, 0.0999975, 0.111009, 0.154364, 0.155681
0, 7, 9, 10, 11, 0.112425, 0.123206, 0.173232, 0.174118, 0.100584, 0.111343, 0.151741, 0.152724, 0.100646, 0.111406, 0.151869, 0.152851
0, 7, 8, 10, 11, 0.11903, 0.130193, 0.179631, 0.180942, 0.109707, 0.120863, 0.165922, 0.167313, 0.109439, 0.120597, 0.165387, 0.166783
0, 7, 8, 9, 11, 0.104913, 0.115726, 0.163289, 0.164367, 0.0975536, 0.108347, 0.148483, 0.149651, 0.0975492, 0.108347, 0.148499, 0.149671
0, 7, 8, 9, 10, 0.111438, 0.122125, 0.170967, 0.17186, 0.104976, 0.11565, 0.15874, 0.159708, 0.105056, 0.115732, 0.158917, 0.159886
0, 6, 9, 10, 11, 0.114429, 0.123974, 0.170727, 0.171346, 0.0998856, 0.109409, 0.144665, 0.145386, 0.100255, 0.10979, 0.145705, 0.146428
0, 6, 8, 10, 11, 0.119701, 0.129993, 0.18788, 0.188948, 0.103921, 0.114191, 0.160167, 0.161385, 0.10508, 0.115348, 0.161817, 0.163022
0, 6, 8, 9, 11, 0.107219, 0.117071, 0.160553, 0.161494, 0.0957177, 0.105541, 0.139389, 0.140456, 0.0963165, 0.106156, 0.140885, 0.141953
0, 6, 8, 9, 10, 0.110076, 0.119602, 0.163536, 0.164171, 0.099487, 0.109, 0.143456, 0.144223, 0.100226, 0.109746, 0.145285, 0.146037
0, 6, 7, 10, 11, 0.116324, 0.126325, 0.179885, 0.180649, 0.106591, 0.116557, 0.161956, 0.162783, 0.106556, 0.116527, 0.161987, 0.162814
0, 6, 7, 9, 11, 0.106578, 0.115719, 0.157522, 0.157869, 0.0976215, 0.106717, 0.139993, 0.140416, 0.0977578, 0.106866, 0.140271, 0.140702
0, 6, 7, 9, 10, 0.118052, 0.126727, 0.173643, 0.173665, 0.109216, 0.117861, 0.155942, 0.156056, 0.109281, 0.117935, 0.156025, 0.156148
0, 6, 7, 8, 11, 0.110299, 0.120401, 0.172111, 0.173112, 0.102781, 0.112849, 0.157183, 0.158257, 0.102592, 0.112668, 0.15711, 0.158189
0, 6, 7, 8, 10, 0.11461, 0.124529, 0.176528, 0.177316, 0.10911, 0.119009, 0.165756, 0.166588, 0.109253, 0.119157, 0.166184, 0.167018
0, 6, 7, 8, 9, 0.113143, 0.122203, 0.168581, 0.168924, 0.10343, 0.112446, 0.149545, 0.149978, 0.103586, 0.112613, 0.149796, 0.150239
0, 5, 9, 10, 11, 0.100707, 0.111851, 0.154876, 0.156212, 0.0971313, 0.108263, 0.148183, 0.149571, 0.0972445, 0.108376, 0.148385, 0.149772
0, 5, 8, 10, 11, 0.118709, 0.129969, 0.183928, 0.185495, 0.117033, 0.128292, 0.180764, 0.18234, 0.116656, 0.127915, 0.180196, 0.181776
0, 5, 8, 9, 11, 0.0981175, 0.109122, 0.15201, 0.153457, 0.0970154, 0.108009, 0.149387, 0.15085, 0.0969992, 0.107997, 0.149358, 0.150826
0, 5, 8, 9, 10, 0.102425, 0.113345, 0.157273, 0.158561, 0.101035, 0.111948, 0.154309, 0.155611, 0.101028, 0.111937, 0.154292, 0.155589
0, 5, 7, 10, 11, 0.110604, 0.121956, 0.167576, 0.169041, 0.110444, 0.121794, 0.167079, 0.168534, 0.110016, 0.121366, 0.166318, 0.167777
0, 5, 7, 9, 11, 0.0995846, 0.110416, 0.151793, 0.152928, 0.0988353, 0.109669, 0.149613, 0.150754, 0.0991113, 0.109942, 0.15014, 0.151275
0, 5, 7, 9, 10, 0.113269, 0.123812, 0.171025, 0.171932, 0.112606, 0.12315, 0.169439, 0.170341, 0.112847, 0.123387, 0.169942, 0.170838
0, 5, 7, 8, 11, 0.108003, 0.119106, 0.163464, 0.165014, 0.108097, 0.119198, 0.163326, 0.164865, 0.107672, 0.118773, 0.162534, 0.164076
0, 5, 7, 8, 10, 0.110606, 0.12172, 0.166622, 0.168038, 0.111181, 0.122293, 0.167222, 0.168618, 0.111021, 0.12213, 0.167, 0.168393
0, 5, 7, 8, 9, 0.106513, 0.117075, 0.163293, 0.164342, 0.105562, 0.116125, 0.160779, 0.161824, 0.105714, 0.116278, 0.161092, 0.162137
0, 5, 6, 10, 11, 0.104634, 0.115111, 0.161311, 0.162581, 0.100457, 0.110915, 0.153702, 0.155016, 0.1005, 0.110963, 0.153739, 0.155057
0, 5, 6, 9, 11, 0.0980703, 0.107891, 0.144819, 0.145746, 0.0922521, 0.102042, 0.133117, 0.134153, 0.0922977, 0.102105, 0.133277, 0.134328
0, 5, 6, 9, 10, 0.107735, 0.117035, 0.157903, 0.158464, 0.101217, 0.110503, 0.144859, 0.145557, 0.101313, 0.11061, 0.145069, 0.145774
0, 5, 6, 8, 11, 0.104961, 0.115366, 0.162941, 0.164354, 0.103352, 0.113738, 0.159551, 0.16098, 0.102928, 0.113327, 0.158948, 0.160389
0, 5, 6, 8, 10, 0.106439, 0.116723, 0.164056, 0.165292, 0.104121, 0.11439, 0.159379, 0.160631, 0.104111, 0.114384, 0.159366, 0.160623
0, 5, 6, 8, 9, 0.104742, 0.114324, 0.155715, 0.156575, 0.0968681, 0.106419, 0.140152, 0.141133, 0.0972632, 0.106832, 0.141046, 0.142037
0, 5, 6, 7, 11, 0.103851, 0.114042, 0.159034, 0.160129, 0.102667, 0.112849, 0.156314, 0.157412, 0.102864, 0.113047, 0.156758, 0.157853
0, 5, 6, 7, 10, 0.118189, 0.127984, 0.180303, 0.181098, 0.116877, 0.126668, 0.177223, 0.178018, 0.117105, 0.126893, 0.177874, 0.178664
0, 5, 6, 7, 9, 0.128733, 0.137515, 0.19479, 0.195124, 0.119632, 0.128402, 0.17596, 0.176432, 0.11968, 0.12846, 0.176105, 0.176588
0, 5, 6, 7, 8, 0.110096, 0.120034, 0.169697, 0.170727, 0.107865, 0.117798, 0.164876, 0.165911, 0.108029, 0.117964, 0.16534, 0.166374
0, 4, 9, 10, 11, 0.100447, 0.111157, 0.153338, 0.154336, 0.0976382, 0.108332, 0.14791, 0.148916, 0.0977283, 0.108424, 0.148087, 0.149093
0, 4, 8, 10, 11, 0.117752, 0.128867, 0.180844, 0.18223, 0.115591, 0.126701, 0.17711, 0.178506, 0.115448, 0.126559, 0.176773, 0.178171
0, 4, 8, 9, 11, 0.0979009, 0.108585, 0.150685, 0.151845, 0.0971532, 0.107823, 0.14856, 0.149711, 0.0970861, 0.10776, 0.14847, 0.149627
0, 4, 8, 9, 10, 0.102667, 0.113211, 0.156524, 0.157495, 0.101584, 0.112117, 0.153971, 0.154934, 0.101548, 0.112086, 0.153912, 0.154881
0, 4, 7, 10, 11, 0.115917, 0.127003, 0.175434, 0.176593, 0.115333, 0.126414, 0.174263, 0.175413, 0.115079, 0.12616, 0.173845, 0.174998
0, 4, 7, 9, 11, 0.10097, 0.111354, 0.153268, 0.154015, 0.100008, 0.110391, 0.150844, 0.151589, 0.100246, 0.110627, 0.151285, 0.152024
0, 4, 7, 9, 10, 0.115252, 0.125243, 0.173171, 0.173657, 0.114569, 0.124557, 0.171588, 0.172061, 0.114717, 0.124705, 0.171861, 0.172334
0, 4, 7, 8, 11, 0.111433, 0.122391, 0.168319, 0.169646, 0.111459, 0.122412, 0.168117, 0.169431, 0.111004, 0.121956, 0.16736, 0.168678
0, 4, 7, 8, 10, 0.11447, 0.125349, 0.172373, 0.1735, 0.114839, 0.125714, 0.172746, 0.173855, 0.114654, 0.125529, 0.17241, 0.173519
0, 4, 7, 8, 9, 0.10798, 0.118125, 0.164734, 0.16543, 0.106802, 0.116944, 0.161847, 0.162532, 0.107155, 0.117296, 0.162506, 0.163185
0, 4, 6, 10, 11, 0.104853, 0.114844, 0.160828, 0.161714, 0.10171, 0.111684, 0.15477, 0.155668, 0.101728, 0.111703, 0.154891, 0.155789
0, 4, 6, 9, 11, 0.0996762, 0.108657, 0.146202, 0.146535, 0.094122, 0.103087, 0.135167, 0.135575, 0.094244, 0.103219, 0.135394, 0.135812
0, 4, 6, 9, 10, 0.108806, 0.117202, 0.15831, 0.158294, 0.102909, 0.111287, 0.146496, 0.146556, 0.102973, 0.111361, 0.146615, 0.146688
0, 4, 6, 8, 11, 0.104443, 0.114477, 0.161427, 0.162524, 0.103122, 0.113137, 0.158379, 0.159475, 0.103003, 0.113015, 0.158401, 0.159487
0, 4, 6, 8, 10, 0.106803, 0.116658, 0.163693, 0.164578, 0.104704, 0.114548, 0.159329, 0.160217, 0.105173, 0.115008, 0.160295, 0.161168
0, 4, 6, 8, 9, 0.105449, 0.114188, 0.155304, 0.155592, 0.0983536, 0.107071, 0.141386, 0.141744, 0.0984716, 0.107202, 0.141615, 0.141989
0, 4, 6, 7, 11, 0.105825, 0.11552, 0.161245, 0.161924, 0.104726, 0.114417, 0.158663, 0.159343, 0.10489, 0.114579, 0.159059, 0.159732
0, 4, 6, 7, 10, 0.120982, 0.13016, 0.183635, 0.183975, 0.119784, 0.128956, 0.180846, 0.181177, 0.119898, 0.12907, 0.181249, 0.181579
0, 4, 6, 7, 9, 0.130067, 0.137845, 0.194824, 0.194594, 0.122376, 0.130135, 0.178717, 0.178567, 0.122368, 0.130137, 0.178761, 0.178623
0, 4, 6, 7, 8, 0.111799, 0.121263, 0.171324, 0.171973, 0.109466, 0.118925, 0.166327, 0.166971, 0.10944, 0.118904, 0.166385, 0.167033
0, 4, 5, 10, 11, 0.118905, 0.130148, 0.18283, 0.184209, 0.120039, 0.131279, 0.184227, 0.185585, 0.11975, 0.130989, 0.183765, 0.185124
0, 4, 5, 9, 11, 0.100172, 0.110837, 0.154358, 0.155423, 0.100666, 0.111328, 0.154605, 0.155645, 0.100665, 0.11133, 0.154625, 0.155669
0, 4, 5, 9, 10, 0.111513, 0.121793, 0.16975, 0.170561, 0.111392, 0.121669, 0.169128, 0.169919, 0.111356, 0.121633, 0.16908, 0.169874
0, 4, 5, 8, 11, 0.169931, 0.18074, 0.256651, 0.257713, 0.169311, 0.18012, 0.25583, 0.256889, 0.169881, 0.180687, 0.256318, 0.257373
0, 4, 5, 8, 10, 0.121388, 0.132369, 0.18678, 0.18805, 0.122196, 0.133174, 0.187651, 0.188901, 0.121921, 0.132898, 0.187163, 0.188414
0, 4, 5, 8, 9, 0.106539, 0.116884, 0.164665, 0.165626, 0.106458, 0.116798, 0.163654, 0.164589, 0.106553, 0.116895, 0.163908, 0.164845
0, 4, 5, 7, 11, 0.113373, 0.124435, 0.171975, 0.173264, 0.114538, 0.125599, 0.173699, 0.174963, 0.11421, 0.12527, 0.173153, 0.174416
0, 4, 5, 7, 10, 0.135234, 0.145734, 0.204167, 0.205064, 0.135736, 0.146234, 0.204847, 0.205725, 0.135164, 0.145661, 0.203873, 0.204751
0, 4, 5, 7, 9, 0.132011, 0.141716, 0.203204, 0.203762, 0.13169, 0.141388, 0.202225, 0.202775, 0.13167, 0.141373, 0.202203, 0.20276
0, 4, 5, 7, 8, 0.116877, 0.127617, 0.176807, 0.17799, 0.117408, 0.128145, 0.177388, 0.178547, 0.117281, 0.128017, 0.177217, 0.178373
0, 4, 5, 6, 11, 0.106705, 0.116785, 0.165025, 0.166075, 0.106489, 0.11656, 0.164121, 0.165155, 0.106196, 0.116269, 0.163779, 0.164815
0, 4, 5, 6, 10, 0.116643, 0.126241, 0.178808, 0.179546, 0.115758, 0.12535, 0.176649, 0.177378, 0.115411, 0.12501, 0.176225, 0.176963
0, 4, 5, 6, 9, 0.159066, 0.167287, 0.252848, 0.253098, 0.143213, 0.151422, 0.219964, 0.220298, 0.14327, 0.151492, 0.220321, 0.220668
0, 4, 5, 6, 8, 0.113026, 0.122793, 0.175325, 0.176282, 0.111985, 0.121744, 0.172662, 0.173608, 0.112066, 0.121824, 0.173072, 0.174014
0, 4, 5, 6, 7, 0.134381, 0.143408, 0.209631, 0.210153, 0.133084, 0.142104, 0.206438, 0.206959, 0.133577, 0.142593, 0.207715, 0.208234
0, 3, 9, 10, 11, 0.108079, 0.118232, 0.16448, 0.165209, 0.103632, 0.113779, 0.156739, 0.157504, 0.103612, 0.113761, 0.156755, 0.157521
0, 3, 8, 10, 11, 0.109834, 0.120453, 0.167376, 0.168672, 0.106345, 0.116962, 0.160414, 0.161757, 0.106143, 0.11676, 0.160617, 0.161964
0, 3, 8, 9, 11, 0.105601, 0.115892, 0.162101, 0.163087, 0.102986, 0.113272, 0.157325, 0.158343, 0.103122, 0.113412, 0.157489, 0.15851
0, 3, 8, 9, 10, 0.107229, 0.117241, 0.162622, 0.163353, 0.105128, 0.115134, 0.158571, 0.159321, 0.105087, 0.115089, 0.158592, 0.159337
0, 3, 7, 10, 11, 0.116596, 0.127074, 0.176215, 0.177121, 0.116116, 0.126599, 0.174325, 0.175248, 0.115306, 0.12578, 0.173565, 0.174485
0, 3, 7, 9, 11, 0.104991, 0.114543, 0.15826, 0.158614, 0.103127, 0.112684, 0.154584, 0.154964, 0.103341, 0.112896, 0.154996, 0.15537
0, 3, 7, 9, 10, 0.118782, 0.127969, 0.177389, 0.17751, 0.117112, 0.126296, 0.174268, 0.1744, 0.117482, 0.126654, 0.174942, 0.175058
0, 3, 7, 8, 11, 0.1109, 0.121325, 0.167352, 0.168446, 0.110698, 0.121123, 0.166158, 0.167261, 0.110194, 0.120619, 0.16571, 0.166816
0, 3, 7, 8, 10, 0.113355, 0.123674, 0.170536, 0.171423, 0.112984, 0.123307, 0.168975, 0.169869, 0.112727, 0.123045, 0.169155, 0.170046
0, 3, 7, 8, 9, 0.11087, 0.120247, 0.16783, 0.16815, 0.108685, 0.118063, 0.163507, 0.163841, 0.108851, 0.118219, 0.163896, 0.164216
0, 3, 6, 10, 11, 0.111802, 0.121293, 0.170289, 0.170973, 0.108801, 0.11828, 0.164558, 0.16526, 0.108626, 0.118113, 0.164436, 0.165145
0, 3, 6, 9, 11, 0.110262, 0.118264, 0.160405, 0.160485, 0.106843, 0.114776, 0.154749, 0.154784, 0.106785, 0.114681, 0.154742, 0.154737
0, 3, 6, 9, 10, 0.116239, 0.123075, 0.166639, 0.166003, 0.112261, 0.119077, 0.15962, 0.15898, 0.112268, 0.119074, 0.15963, 0.158981
0, 3, 6, 8, 11, 0.111013, 0.120717, 0.170176, 0.171157, 0.108059, 0.117742, 0.164805, 0.165804, 0.107953, 0.117656, 0.164764, 0.165776
0, 3, 6, 8, 10, 0.11093, 0.120332, 0.168455, 0.169154, 0.108186, 0.117576, 0.162943, 0.163655, 0.108444, 0.117823, 0.163543, 0.164246
0, 3, 6, 8, 9, 0.108318, 0.116031, 0.156674, 0.156646, 0.104577, 0.112238, 0.150042, 0.149993, 0.104608, 0.112264, 0.150061, 0.150017
0, 3, 6, 7, 11, 0.110803, 0.119705, 0.167362, 0.167672, 0.109048, 0.117938, 0.163876, 0.164205, 0.109057, 0.117962, 0.164061, 0.164396
0, 3, 6, 7, 10, 0.12516, 0.133571, 0.188598, 0.188608, 0.12296, 0.131352, 0.184294, 0.184306, 0.12318, 0.131576, 0.184769, 0.184782
0, 3, 6, 7, 9, 0.130224, 0.135966, 0.188814, 0.187696, 0.127147, 0.132865, 0.182683, 0.181561, 0.127502, 0.133202, 0.183407, 0.182265
0, 3, 6, 7, 8, 0.115037