6, 7, 8, 9, 10, 11, 0.2477, 0.256675, 0.41512, 0.415395, 0.206767, 0.215698, 0.363082, 0.363338, 0.179773, 0.188702, 0.302976, 0.303242
5, 7, 8, 9, 10, 11, 0.173171, 0.18483, 0.29331, 0.294089, 0.145243, 0.156845, 0.256197, 0.257034, 0.131233, 0.142837, 0.208906, 0.20989
5, 6, 8, 9, 10, 11, 0.151807, 0.162455, 0.250468, 0.251308, 0.121274, 0.13188, 0.19458, 0.195594, 0.119512, 0.130117, 0.189881, 0.1909
5, 6, 7, 9, 10, 11, 0.156871, 0.167445, 0.25543, 0.255994, 0.129874, 0.140415, 0.204053, 0.204756, 0.129415, 0.139952, 0.203452, 0.204146
5, 6, 7, 8, 10, 11, 0.175036, 0.185657, 0.29537, 0.296102, 0.150687, 0.161268, 0.264273, 0.265054, 0.135373, 0.145957, 0.217927, 0.21883
5, 6, 7, 8, 9, 11, 0.154501, 0.165147, 0.257166, 0.257874, 0.1329, 0.143515, 0.213286, 0.214119, 0.132159, 0.142782, 0.212696, 0.213529
5, 6, 7, 8, 9, 10, 0.159913, 0.170502, 0.26168, 0.262176, 0.132129, 0.142699, 0.207521, 0.208206, 0.132274, 0.142849, 0.208551, 0.209224
4, 7, 8, 9, 10, 11, 0.156801, 0.167864, 0.272617, 0.273233, 0.134917, 0.145916, 0.239984, 0.240603, 0.119899, 0.1309, 0.190196, 0.190946
4, 6, 8, 9, 10, 11, 0.138499, 0.148569, 0.225617, 0.22627, 0.110523, 0.120534, 0.173389, 0.174142, 0.108106, 0.118103, 0.168256, 0.169003
4, 6, 7, 9, 10, 11, 0.143427, 0.153327, 0.230655, 0.230965, 0.117322, 0.12718, 0.18063, 0.181021, 0.116592, 0.126453, 0.179085, 0.179484
4, 6, 7, 8, 10, 11, 0.159919, 0.169815, 0.273728, 0.274273, 0.138489, 0.148336, 0.240618, 0.241164, 0.123693, 0.133545, 0.196541, 0.197184
4, 6, 7, 8, 9, 11, 0.139667, 0.14978, 0.23015, 0.23068, 0.117772, 0.127844, 0.184629, 0.185259, 0.117276, 0.127346, 0.184094, 0.184723
4, 6, 7, 8, 9, 10, 0.145067, 0.155126, 0.234827, 0.235122, 0.119906, 0.129936, 0.184406, 0.184846, 0.119313, 0.129342, 0.182967, 0.183414
4, 5, 8, 9, 10, 11, 0.150994, 0.162566, 0.281401, 0.282228, 0.140593, 0.152124, 0.264923, 0.265758, 0.115138, 0.126681, 0.184238, 0.185384
4, 5, 7, 9, 10, 11, 0.167288, 0.178876, 0.312957, 0.313392, 0.154078, 0.165638, 0.288204, 0.288667, 0.12191, 0.133551, 0.192582, 0.193488
4, 5, 7, 8, 10, 11, 0.145598, 0.157036, 0.224478, 0.22544, 0.132645, 0.144083, 0.209013, 0.210031, 0.138615, 0.150044, 0.216706, 0.217676
4, 5, 7, 8, 9, 11, 0.166086, 0.177574, 0.317846, 0.318428, 0.15819, 0.169658, 0.300276, 0.300878, 0.121404, 0.132902, 0.194216, 0.195204
4, 5, 7, 8, 9, 10, 0.169716, 0.181102, 0.317857, 0.318093, 0.157614, 0.168995, 0.294363, 0.294647, 0.126053, 0.137556, 0.198166, 0.198993
4, 5, 6, 9, 10, 11, 0.125693, 0.136355, 0.201814, 0.202604, 0.109861, 0.120499, 0.170104, 0.171043, 0.110174, 0.120803, 0.170793, 0.171714
4, 5, 6, 8, 10, 11, 0.15029, 0.16097, 0.264846, 0.265708, 0.137161, 0.147808, 0.243833, 0.244732, 0.122857, 0.133517, 0.196618, 0.197696
4, 5, 6, 8, 9, 11, 0.127761, 0.138468, 0.210139, 0.211034, 0.112702, 0.123382, 0.1775, 0.178538, 0.111687, 0.122372, 0.17556, 0.176612
4, 5, 6, 8, 9, 10, 0.128346, 0.138835, 0.206855, 0.20758, 0.112065, 0.122541, 0.172879, 0.173793, 0.111282, 0.121759, 0.170826, 0.171755
4, 5, 6, 7, 10, 11, 0.154755, 0.165454, 0.269902, 0.270448, 0.143368, 0.154048, 0.250116, 0.250693, 0.12738, 0.138104, 0.202896, 0.203694
4, 5, 6, 7, 9, 11, 0.134584, 0.14504, 0.219584, 0.220106, 0.119643, 0.130091, 0.187061, 0.187727, 0.118618, 0.129071, 0.184658, 0.18535
4, 5, 6, 7, 9, 10, 0.142581, 0.152798, 0.228842, 0.229064, 0.127052, 0.137269, 0.196126, 0.196531, 0.12431, 0.134565, 0.188717, 0.18921
4, 5, 6, 7, 8, 11, 0.150517, 0.161115, 0.265353, 0.266069, 0.143355, 0.153933, 0.251108, 0.251846, 0.128117, 0.138721, 0.20428, 0.205207
4, 5, 6, 7, 8, 10, 0.157793, 0.168337, 0.276798, 0.277246, 0.14616, 0.156703, 0.254517, 0.255019, 0.130505, 0.141107, 0.207261, 0.208022
4, 5, 6, 7, 8, 9, 0.148221, 0.158607, 0.242474, 0.2429, 0.126288, 0.136671, 0.196936, 0.197526, 0.124182, 0.134584, 0.191093, 0.191749
3, 7, 8, 9, 10, 11, 0.134444, 0.144504, 0.211079, 0.211656, 0.117595, 0.127624, 0.186803, 0.1874, 0.116519, 0.126548, 0.184022, 0.184624
3, 6, 8, 9, 10, 11, 0.130865, 0.140024, 0.200102, 0.200727, 0.112964, 0.122094, 0.173388, 0.174046, 0.112497, 0.121631, 0.171811, 0.172475
3, 6, 7, 9, 10, 11, 0.133462, 0.142252, 0.202684, 0.202927, 0.118447, 0.127193, 0.180121, 0.180361, 0.11792, 0.126675, 0.178343, 0.17859
3, 6, 7, 8, 10, 11, 0.144075, 0.152998, 0.227669, 0.228169, 0.130891, 0.139782, 0.208794, 0.209295, 0.128823, 0.137746, 0.204331, 0.204858
3, 6, 7, 8, 9, 11, 0.125364, 0.134474, 0.192948, 0.193458, 0.114178, 0.123234, 0.175534, 0.176048, 0.113614, 0.122685, 0.173742, 0.174271
3, 6, 7, 8, 9, 10, 0.133162, 0.142165, 0.203317, 0.203549, 0.121936, 0.130906, 0.185783, 0.186032, 0.121334, 0.130308, 0.183576, 0.183834
3, 5, 8, 9, 10, 11, 0.118219, 0.129148, 0.186341, 0.187405, 0.107541, 0.11844, 0.171524, 0.172647, 0.106794, 0.117695, 0.169553, 0.170688
3, 5, 7, 9, 10, 11, 0.121813, 0.132729, 0.189773, 0.190596, 0.113332, 0.124224, 0.178273, 0.17913, 0.112735, 0.123627, 0.176661, 0.177524
3, 5, 7, 8, 10, 11, 0.126114, 0.136939, 0.194947, 0.196, 0.115421, 0.126227, 0.180955, 0.182066, 0.114139, 0.124944, 0.177862, 0.178987
3, 5, 7, 8, 9, 11, 0.11472, 0.125573, 0.181785, 0.182769, 0.110431, 0.121261, 0.175389, 0.176393, 0.109748, 0.120581, 0.173627, 0.17464
3, 5, 7, 8, 9, 10, 0.124518, 0.135334, 0.195187, 0.19593, 0.1185, 0.1293, 0.186848, 0.187619, 0.117806, 0.128608, 0.184932, 0.185714
3, 5, 6, 9, 10, 11, 0.113927, 0.124016, 0.173657, 0.174513, 0.103844, 0.113901, 0.158183, 0.159096, 0.103567, 0.11363, 0.15718, 0.158102
3, 5, 6, 8, 10, 11, 0.123352, 0.133422, 0.194523, 0.195583, 0.111548, 0.121595, 0.177497, 0.178619, 0.11033, 0.120392, 0.174572, 0.175724
3, 5, 6, 8, 9, 11, 0.109493, 0.119616, 0.169057, 0.170102, 0.102708, 0.112789, 0.158007, 0.15909, 0.102101, 0.112193, 0.156379, 0.157478
3, 5, 6, 8, 9, 10, 0.115122, 0.125132, 0.176645, 0.177443, 0.107467, 0.117456, 0.164136, 0.164994, 0.107253, 0.117246, 0.162969, 0.163833
3, 5, 6, 7, 10, 11, 0.126864, 0.136892, 0.198618, 0.199384, 0.117078, 0.127077, 0.183585, 0.184382, 0.116306, 0.126327, 0.181754, 0.18258
3, 5, 6, 7, 9, 11, 0.113024, 0.122953, 0.173248, 0.173904, 0.107415, 0.117322, 0.163052, 0.163758, 0.106946, 0.116863, 0.161761, 0.162482
3, 5, 6, 7, 9, 10, 0.127, 0.136573, 0.19333, 0.193627, 0.121296, 0.130854, 0.18307, 0.183417, 0.120568, 0.130123, 0.180933, 0.18129
3, 5, 6, 7, 8, 11, 0.122299, 0.132259, 0.193957, 0.194891, 0.115794, 0.125723, 0.182483, 0.183444, 0.114664, 0.124619, 0.180093, 0.18109
3, 5, 6, 7, 8, 10, 0.128988, 0.138992, 0.203177, 0.203897, 0.121836, 0.131821, 0.191689, 0.192431, 0.120736, 0.130737, 0.189056, 0.18983
3, 5, 6, 7, 8, 9, 0.122608, 0.132419, 0.189137, 0.189705, 0.114755, 0.124547, 0.174779, 0.175401, 0.114478, 0.12428, 0.173693, 0.174332
3, 4, 8, 9, 10, 11, 0.117198, 0.127717, 0.184358, 0.185189, 0.107374, 0.117849, 0.171125, 0.171952, 0.106739, 0.117219, 0.169458, 0.170297
3, 4, 7, 9, 10, 11, 0.121574, 0.131988, 0.189077, 0.189594, 0.113202, 0.123582, 0.178018, 0.178516, 0.112674, 0.123057, 0.176556, 0.177061
3, 4, 7, 8, 10, 11, 0.125948, 0.1364, 0.19412, 0.194938, 0.115702, 0.126128, 0.180119, 0.180959, 0.114386, 0.124811, 0.1771, 0.177951
3, 4, 7, 8, 9, 11, 0.114596, 0.125049, 0.181363, 0.182088, 0.110028, 0.12045, 0.174862, 0.175573, 0.109501, 0.119929, 0.173394, 0.174117
3, 4, 7, 8, 9, 10, 0.124058, 0.134415, 0.194297, 0.194751, 0.118533, 0.128865, 0.186617, 0.187059, 0.117975, 0.128312, 0.184931, 0.185387
3, 4, 6, 9, 10, 11, 0.112864, 0.122285, 0.171358, 0.17182, 0.103267, 0.112642, 0.156578, 0.157036, 0.103034, 0.112419, 0.15551, 0.155981
3, 4, 6, 8, 10, 11, 0.123387, 0.133013, 0.19433, 0.19512, 0.111991, 0.121585, 0.177655, 0.178458, 0.112041, 0.121647, 0.176269, 0.177092
3, 4, 6, 8, 9, 11, 0.108574, 0.118142, 0.166936, 0.167643, 0.101927, 0.11145, 0.156091, 0.156798, 0.101331, 0.110864, 0.154376, 0.155101
3, 4, 6, 8, 9, 10, 0.114002, 0.123406, 0.174096, 0.174534, 0.106871, 0.116237, 0.162249, 0.162695, 0.106518, 0.115896, 0.160904, 0.161368
3, 4, 6, 7, 10, 11, 0.127576, 0.137056, 0.199448, 0.199876, 0.118195, 0.12765, 0.184705, 0.185131, 0.117303, 0.126768, 0.182706, 0.183147
3, 4, 6, 7, 9, 11, 0.112347, 0.121603, 0.171183, 0.171426, 0.106445, 0.115676, 0.16068, 0.16094, 0.106114, 0.115357, 0.159519, 0.159796
3, 4, 6, 7, 9, 10, 0.126422, 0.135226, 0.191218, 0.191066, 0.120617, 0.129399, 0.180786, 0.180646, 0.12029, 0.129072, 0.179454, 0.179323
3, 4, 6, 7, 8, 11, 0.122539, 0.132065, 0.1939, 0.19456, 0.116081, 0.125581, 0.18263, 0.183295, 0.11513, 0.12464, 0.180662, 0.181343
3, 4, 6, 7, 8, 10, 0.129727, 0.139228, 0.203901, 0.204304, 0.122559, 0.132038, 0.192056, 0.192458, 0.121194, 0.130679, 0.1889, 0.18932
3, 4, 6, 7, 8, 9, 0.121309, 0.130482, 0.185911, 0.186109, 0.113253, 0.122402, 0.171496, 0.171713, 0.112974, 0.12213, 0.170223, 0.170458
3, 4, 5, 9, 10, 11, 0.112419, 0.123402, 0.178049, 0.178962, 0.110059, 0.12102, 0.175408, 0.176306, 0.108926, 0.119885, 0.172354, 0.173267
3, 4, 5, 8, 10, 11, 0.118247, 0.129104, 0.188465, 0.189602, 0.114294, 0.125135, 0.18182, 0.182982, 0.113842, 0.124682, 0.180529, 0.181696
3, 4, 5, 8, 9, 11, 0.109889, 0.120741, 0.176824, 0.177845, 0.110168, 0.120996, 0.177455, 0.178445, 0.109236, 0.120071, 0.175333, 0.176343
3, 4, 5, 8, 9, 10, 0.115962, 0.126771, 0.184579, 0.185388, 0.114499, 0.125292, 0.182348, 0.183143, 0.113809, 0.124605, 0.180592, 0.181402
3, 4, 5, 7, 10, 11, 0.11798, 0.128985, 0.183722, 0.184684, 0.11658, 0.127575, 0.181546, 0.182502, 0.116058, 0.127051, 0.180451, 0.181409
3, 4, 5, 7, 9, 11, 0.113247, 0.124065, 0.180121, 0.180842, 0.11332, 0.124128, 0.179943, 0.180647, 0.112585, 0.123398, 0.178107, 0.178828
3, 4, 5, 7, 9, 10, 0.129547, 0.140088, 0.20346, 0.203857, 0.128839, 0.139369, 0.202164, 0.202545, 0.128095, 0.138626, 0.199991, 0.200388
3, 4, 5, 7, 8, 11, 0.115334, 0.126016, 0.180169, 0.181254, 0.114839, 0.125507, 0.178843, 0.179916, 0.113965, 0.124632, 0.177343, 0.17842
3, 4, 5, 7, 8, 10, 0.12125, 0.132077, 0.189088, 0.189945, 0.120105, 0.130923, 0.187146, 0.187992, 0.119681, 0.130498, 0.186247, 0.187097
3, 4, 5, 7, 8, 9, 0.121404, 0.131994, 0.193821, 0.194415, 0.120002, 0.130581, 0.190678, 0.191258, 0.119441, 0.13002, 0.188839, 0.189432
3, 4, 5, 6, 10, 11, 0.117371, 0.127592, 0.186177, 0.187077, 0.113136, 0.123339, 0.179518, 0.180423, 0.111908, 0.122118, 0.176776, 0.177704
3, 4, 5, 6, 9, 11, 0.109476, 0.119458, 0.170053, 0.170716, 0.106656, 0.116614, 0.164979, 0.165654, 0.105953, 0.115926, 0.163267, 0.163966
3, 4, 5, 6, 9, 10, 0.120693, 0.130165, 0.185058, 0.185366, 0.116962, 0.126416, 0.178443, 0.178773, 0.116239, 0.125702, 0.176548, 0.176898
3, 4, 5, 6, 8, 11, 0.119898, 0.129986, 0.192347, 0.193355, 0.118719, 0.128785, 0.189363, 0.19036, 0.116519, 0.126593, 0.185291, 0.18632
3, 4, 5, 6, 8, 10, 0.121111, 0.131206, 0.192841, 0.193668, 0.117588, 0.127668, 0.186636, 0.187461, 0.116651, 0.126729, 0.184286, 0.185135
3, 4, 5, 6, 8, 9, 0.117701, 0.12742, 0.182801, 0.183375, 0.111439, 0.121133, 0.171578, 0.172167, 0.110828, 0.120534, 0.169871, 0.170488
3, 4, 5, 6, 7, 11, 0.119092, 0.129155, 0.188208, 0.188936, 0.11712, 0.127169, 0.184071, 0.184794, 0.116537, 0.12658, 0.182833, 0.183562
3, 4, 5, 6, 7, 10, 0.134791, 0.144549, 0.211702, 0.212084, 0.13278, 0.142527, 0.207456, 0.207823, 0.131942, 0.141687, 0.20559, 0.205979
3, 4, 5, 6, 7, 9, 0.144823, 0.153833, 0.225863, 0.225929, 0.135915, 0.144909, 0.209504, 0.209611, 0.135476, 0.144467, 0.20801, 0.208133
3, 4, 5, 6, 7, 8, 0.127213, 0.137102, 0.202238, 0.202869, 0.123477, 0.133352, 0.194764, 0.195391, 0.122634, 0.132499, 0.192566, 0.193211
2, 7, 8, 9, 10, 11, 0.127876, 0.139171, 0.217828, 0.218714, 0.104951, 0.116206, 0.174851, 0.17591, 0.101673, 0.112958, 0.158102, 0.15934
2, 6, 8, 9, 10, 11, 0.120193, 0.13045, 0.190351, 0.191088, 0.0946781, 0.104928, 0.145725, 0.146711, 0.097397, 0.107604, 0.150528, 0.151396
2, 6, 7, 9, 10, 11, 0.117712, 0.127772, 0.178291, 0.178902, 0.0956231, 0.105695, 0.138213, 0.139059, 0.0963857, 0.106426, 0.139759, 0.140557
2, 6, 7, 8, 10, 11, 0.131231, 0.141548, 0.216916, 0.217642, 0.108703, 0.119005, 0.178204, 0.179073, 0.10567, 0.116043, 0.16527, 0.166361
2, 6, 7, 8, 9, 11, 0.110843, 0.120975, 0.170669, 0.171479, 0.0932597, 0.103403, 0.136548, 0.137612, 0.0943731, 0.104484, 0.139565, 0.14056
2, 6, 7, 8, 9, 10, 0.118345, 0.128339, 0.179696, 0.180293, 0.099959, 0.109965, 0.144806, 0.145667, 0.102674, 0.112645, 0.150351, 0.151123
2, 5, 8, 9, 10, 11, 0.120443, 0.131839, 0.217013, 0.218004, 0.103485, 0.114861, 0.177307, 0.178542, 0.100728, 0.112128, 0.161277, 0.162687
2, 5, 7, 9, 10, 11, 0.115861, 0.12727, 0.19595, 0.196845, 0.106093, 0.117504, 0.175454, 0.176501, 0.102883, 0.114344, 0.158758, 0.160037
2, 5, 7, 8, 10, 11, 0.124182, 0.13571, 0.189223, 0.190693, 0.114801, 0.126335, 0.177123, 0.178639, 0.114442, 0.125975, 0.176391, 0.17791
2, 5, 7, 8, 9, 11, 0.112488, 0.123689, 0.197525, 0.198434, 0.10422, 0.115427, 0.175655, 0.176741, 0.100214, 0.111471, 0.156407, 0.157768
2, 5, 7, 8, 9, 10, 0.119884, 0.131042, 0.202044, 0.202869, 0.112161, 0.123323, 0.184908, 0.185858, 0.108996, 0.120199, 0.168448, 0.169625
2, 5, 6, 9, 10, 11, 0.101691, 0.112136, 0.153943, 0.154961, 0.0884758, 0.0989439, 0.128727, 0.130031, 0.0893836, 0.099817, 0.130559, 0.131792
2, 5, 6, 8, 10, 11, 0.120022, 0.130607, 0.202667, 0.20366, 0.104637, 0.11522, 0.174691, 0.175882, 0.101659, 0.112302, 0.161548, 0.16298
2, 5, 6, 8, 9, 11, 0.099587, 0.109937, 0.153563, 0.154687, 0.0881221, 0.0984943, 0.129981, 0.131392, 0.0883621, 0.0986894, 0.130271, 0.131615
2, 5, 6, 8, 9, 10, 0.103655, 0.113886, 0.157367, 0.158347, 0.0920014, 0.102251, 0.133971, 0.135235, 0.0927311, 0.102956, 0.135266, 0.136481
2, 5, 6, 7, 10, 11, 0.119013, 0.129584, 0.195071, 0.195942, 0.10866, 0.119246, 0.176019, 0.17703, 0.106821, 0.117452, 0.166799, 0.167963
2, 5, 6, 7, 9, 11, 0.103541, 0.113743, 0.157773, 0.158604, 0.0931778, 0.103405, 0.135922, 0.136997, 0.09357, 0.103778, 0.136296, 0.137354
2, 5, 6, 7, 9, 10, 0.115346, 0.125186, 0.173425, 0.173981, 0.105346, 0.115208, 0.152358, 0.153171, 0.105575, 0.115433, 0.152711, 0.153514
2, 5, 6, 7, 8, 11, 0.114706, 0.125136, 0.191177, 0.192183, 0.106725, 0.117167, 0.174241, 0.175389, 0.104845, 0.115343, 0.164793, 0.166106
2, 5, 6, 7, 8, 10, 0.121454, 0.13182, 0.199232, 0.200089, 0.113212, 0.123591, 0.183127, 0.184091, 0.111638, 0.122049, 0.174358, 0.175468
2, 5, 6, 7, 8, 9, 0.115028, 0.124966, 0.176942, 0.177683, 0.101014, 0.110971, 0.148359, 0.149361, 0.101413, 0.111366, 0.148514, 0.149522
2, 4, 8, 9, 10, 11, 0.115849, 0.127106, 0.205183, 0.206048, 0.101693, 0.112933, 0.167256, 0.168346, 0.10055, 0.111817, 0.158774, 0.159975
2, 4, 7, 9, 10, 11, 0.115156, 0.126314, 0.195196, 0.195819, 0.105831, 0.117006, 0.171418, 0.17221, 0.103552, 0.114778, 0.158549, 0.159533
2, 4, 7, 8, 10, 11, 0.125774, 0.137199, 0.193902, 0.195112, 0.117322, 0.128745, 0.182802, 0.184049, 0.11702, 0.128442, 0.18225, 0.183499
2, 4, 7, 8, 9, 11, 0.112017, 0.123071, 0.197441, 0.198131, 0.103373, 0.114445, 0.170102, 0.171012, 0.100836, 0.111959, 0.156654, 0.157773
2, 4, 7, 8, 9, 10, 0.118889, 0.129821, 0.200733, 0.201295, 0.111911, 0.122861, 0.181076, 0.181782, 0.109422, 0.120421, 0.167858, 0.168767
2, 4, 6, 9, 10, 11, 0.102318, 0.112357, 0.153801, 0.154479, 0.0909792, 0.101053, 0.131779, 0.132683, 0.0916827, 0.101716, 0.132842, 0.133679
2, 4, 6, 8, 10, 11, 0.117947, 0.12836, 0.196535, 0.197374, 0.104646, 0.115063, 0.170475, 0.171488, 0.103082, 0.113547, 0.162546, 0.163713
2, 4, 6, 8, 9, 11, 0.100718, 0.110786, 0.154235, 0.155077, 0.0904822, 0.10058, 0.132879, 0.133961, 0.0913645, 0.101418, 0.134394, 0.135396
2, 4, 6, 8, 9, 10, 0.103958, 0.113817, 0.156637, 0.157298, 0.0942625, 0.104152, 0.136546, 0.137437, 0.0948738, 0.104728, 0.137379, 0.138215
2, 4, 6, 7, 10, 11, 0.119333, 0.129617, 0.193738, 0.194327, 0.110789, 0.121096, 0.176821, 0.177522, 0.109553, 0.119896, 0.169977, 0.170789
2, 4, 6, 7, 9, 11, 0.10393, 0.113703, 0.15688, 0.157353, 0.0948615, 0.10467, 0.137668, 0.138344, 0.0952777, 0.105059, 0.137933, 0.138583
2, 4, 6, 7, 9, 10, 0.115812, 0.125114, 0.172837, 0.172993, 0.107309, 0.116642, 0.154604, 0.154964, 0.106998, 0.116308, 0.15322, 0.15358
2, 4, 6, 7, 8, 11, 0.114758, 0.12501, 0.189223, 0.190001, 0.108085, 0.118358, 0.173782, 0.174685, 0.106825, 0.117141, 0.166941, 0.167965
2, 4, 6, 7, 8, 10, 0.121876, 0.131977, 0.198464, 0.199035, 0.114651, 0.124775, 0.182987, 0.183657, 0.113133, 0.123292, 0.175562, 0.176357
2, 4, 6, 7, 8, 9, 0.114285, 0.123815, 0.174164, 0.174587, 0.102124, 0.111682, 0.149137, 0.149771, 0.102551, 0.112088, 0.149165, 0.149794
2, 4, 5, 9, 10, 11, 0.112065, 0.123292, 0.199734, 0.200406, 0.10488, 0.116168, 0.173235, 0.174215, 0.102603, 0.113931, 0.16087, 0.162035
2, 4, 5, 8, 10, 11, 0.128286, 0.139623, 0.200627, 0.201959, 0.125925, 0.137267, 0.196883, 0.198235, 0.125891, 0.137231, 0.196672, 0.198022
2, 4, 5, 8, 9, 11, 0.113458, 0.124482, 0.210242, 0.210921, 0.104855, 0.115927, 0.175765, 0.176777, 0.103046, 0.11415, 0.16469, 0.16586
2, 4, 5, 8, 9, 10, 0.116148, 0.127073, 0.205072, 0.205672, 0.110179, 0.12116, 0.181813, 0.182657, 0.107615, 0.118635, 0.168301, 0.16936
2, 4, 5, 7, 10, 11, 0.125219, 0.136718, 0.1942, 0.195374, 0.12464, 0.13614, 0.193513, 0.19468, 0.124234, 0.135732, 0.192804, 0.193974
2, 4, 5, 7, 9, 11, 0.113269, 0.124227, 0.196415, 0.196933, 0.108546, 0.119564, 0.17794, 0.178701, 0.10615, 0.117218, 0.164925, 0.165915
2, 4, 5, 7, 9, 10, 0.129882, 0.140426, 0.21765, 0.217951, 0.125903, 0.136507, 0.202855, 0.203334, 0.122938, 0.133597, 0.188472, 0.189183
2, 4, 5, 7, 8, 11, 0.120034, 0.131273, 0.187734, 0.189015, 0.120223, 0.131463, 0.18805, 0.189323, 0.11966, 0.130899, 0.187099, 0.188375
2, 4, 5, 7, 8, 10, 0.124609, 0.135754, 0.190893, 0.191983, 0.124857, 0.136002, 0.191256, 0.192334, 0.125089, 0.136231, 0.191505, 0.192573
2, 4, 5, 7, 8, 9, 0.122906, 0.133488, 0.212776, 0.213137, 0.11759, 0.128232, 0.193052, 0.193645, 0.115224, 0.12591, 0.179039, 0.179877
2, 4, 5, 6, 10, 11, 0.113289, 0.123775, 0.188398, 0.189225, 0.108029, 0.118561, 0.175371, 0.176369, 0.106739, 0.117304, 0.168423, 0.169542
2, 4, 5, 6, 9, 11, 0.10453, 0.114472, 0.160597, 0.161289, 0.095645, 0.105636, 0.142104, 0.143027, 0.0961145, 0.106074, 0.142321, 0.143211
2, 4, 5, 6, 9, 10, 0.111643, 0.12114, 0.168386, 0.168839, 0.104511, 0.11405, 0.153177, 0.153847, 0.104555, 0.114072, 0.152406, 0.153073
2, 4, 5, 6, 8, 11, 0.114848, 0.125182, 0.193972, 0.194904, 0.110497, 0.12087, 0.180483, 0.181587, 0.108651, 0.119063, 0.172729, 0.173958
2, 4, 5, 6, 8, 10, 0.116996, 0.127216, 0.194742, 0.195526, 0.111984, 0.122246, 0.181579, 0.182503, 0.110902, 0.121194, 0.174933, 0.175984
2, 4, 5, 6, 8, 9, 0.114143, 0.123748, 0.175877, 0.176493, 0.101381, 0.111031, 0.150553, 0.151397, 0.102152, 0.111779, 0.151227, 0.152061
2, 4, 5, 6, 7, 11, 0.114852, 0.125081, 0.188358, 0.189079, 0.112189, 0.12246, 0.180033, 0.180866, 0.111509, 0.121797, 0.174563, 0.175476
2, 4, 5, 6, 7, 10, 0.131694, 0.141531, 0.213286, 0.21373, 0.128628, 0.138501, 0.204724, 0.20525, 0.1277, 0.137587, 0.199106, 0.199719
2, 4, 5, 6, 7, 9, 0.14819, 0.157116, 0.233321, 0.233509, 0.131555, 0.140533, 0.198379, 0.198808, 0.131043, 0.140009, 0.196448, 0.196913
2, 4, 5, 6, 7, 8, 0.122395, 0.132315, 0.201211, 0.201847, 0.118044, 0.128001, 0.189616, 0.190355, 0.117473, 0.127449, 0.184322, 0.185159
2, 3, 8, 9, 10, 11, 0.10955, 0.120373, 0.17141, 0.172418, 0.0969715, 0.107779, 0.14937, 0.150556, 0.0968233, 0.107643, 0.148603, 0.149825
2, 3, 7, 9, 10, 11, 0.109345, 0.120072, 0.166769, 0.167589, 0.0989918, 0.109708, 0.149296, 0.150228, 0.0991786, 0.109894, 0.149623, 0.150551
2, 3, 7, 8, 10, 11, 0.113435, 0.124381, 0.172058, 0.173286, 0.104236, 0.11517, 0.157714, 0.159034, 0.103877, 0.114813, 0.157411, 0.158738
2, 3, 7, 8, 9, 11, 0.102773, 0.113442, 0.158991, 0.159988, 0.095706, 0.106367, 0.145876, 0.14699, 0.0958439, 0.10651, 0.146109, 0.147226
2, 3, 7, 8, 9, 10, 0.110991, 0.121507, 0.169491, 0.170253, 0.104499, 0.115008, 0.157776, 0.158628, 0.104654, 0.115165, 0.15798, 0.158832
2, 3, 6, 9, 10, 11, 0.104501, 0.114114, 0.153464, 0.154015, 0.0942753, 0.103889, 0.13578, 0.136471, 0.0948579, 0.104459, 0.13696, 0.137605
2, 3, 6, 8, 10, 11, 0.114273, 0.124301, 0.178576, 0.179435, 0.100727, 0.110762, 0.154941, 0.156007, 0.100106, 0.110198, 0.153183, 0.154391
2, 3, 6, 8, 9, 11, 0.0997232, 0.109451, 0.147758, 0.148565, 0.0924622, 0.102185, 0.134928, 0.135852, 0.0928282, 0.102541, 0.135461, 0.136363
2, 3, 6, 8, 9, 10, 0.103023, 0.112455, 0.150668, 0.151241, 0.0960616, 0.105494, 0.137932, 0.138625, 0.0964801, 0.105909, 0.138655, 0.13933
2, 3, 6, 7, 10, 11, 0.114536, 0.124394, 0.175782, 0.176412, 0.10537, 0.115265, 0.159121, 0.159928, 0.10606, 0.115969, 0.160269, 0.161084
2, 3, 6, 7, 9, 11, 0.0996364, 0.108897, 0.144585, 0.145024, 0.0937035, 0.102975, 0.133717, 0.134273, 0.0943722, 0.103583, 0.134921, 0.135408
2, 3, 6, 7, 9, 10, 0.113107, 0.121791, 0.163189, 0.163243, 0.107373, 0.116067, 0.152381, 0.152541, 0.107773, 0.116445, 0.153123, 0.153257
2, 3, 6, 7, 8, 11, 0.109459, 0.119299, 0.169629, 0.170465, 0.102009, 0.111893, 0.15515, 0.156184, 0.10192, 0.111828, 0.155197, 0.156252
2, 3, 6, 7, 8, 10, 0.116115, 0.125819, 0.178581, 0.179199, 0.108991, 0.118721, 0.164626, 0.165389, 0.10903, 0.118775, 0.164732, 0.165511
2, 3, 6, 7, 8, 9, 0.106923, 0.115916, 0.15643, 0.1568, 0.100037, 0.109034, 0.143595, 0.144079, 0.100321, 0.109325, 0.144082, 0.14457
2, 3, 5, 9, 10, 11, 0.100787, 0.111754, 0.155998, 0.157151, 0.0961331, 0.107101, 0.147501, 0.148756, 0.0962891, 0.107257, 0.147707, 0.14896
2, 3, 5, 8, 10, 11, 0.101642, 0.112641, 0.156943, 0.158527, 0.0986258, 0.10962, 0.150453, 0.152095, 0.0984289, 0.109422, 0.150415, 0.152056
2, 3, 5, 8, 9, 11, 0.0990042, 0.109773, 0.156107, 0.157321, 0.0958056, 0.106579, 0.148628, 0.14996, 0.0960227, 0.106796, 0.1489, 0.150229
2, 3, 5, 8, 9, 10, 0.103678, 0.114347, 0.160457, 0.16153, 0.100733, 0.111402, 0.1544, 0.155539, 0.100754, 0.111426, 0.154317, 0.155461
2, 3, 5, 7, 10, 11, 0.103834, 0.114969, 0.158283, 0.159637, 0.103385, 0.114519, 0.156789, 0.158154, 0.103043, 0.114176, 0.156464, 0.157833
2, 3, 5, 7, 9, 11, 0.099436, 0.110111, 0.153201, 0.154204, 0.0975013, 0.108179, 0.148706, 0.149757, 0.0975779, 0.108261, 0.148794, 0.14985
2, 3, 5, 7, 9, 10, 0.116204, 0.126418, 0.176692, 0.177372, 0.114342, 0.124557, 0.172595, 0.17331, 0.114322, 0.124541, 0.172493, 0.173212
2, 3, 5, 7, 8, 11, 0.101452, 0.112319, 0.155373, 0.156851, 0.101372, 0.112234, 0.154162, 0.155649, 0.100762, 0.111624, 0.153391, 0.154883
2, 3, 5, 7, 8, 10, 0.10743, 0.118284, 0.163599, 0.164845, 0.106552, 0.117404, 0.161403, 0.162654, 0.106481, 0.117334, 0.161586, 0.162841
2, 3, 5, 7, 8, 9, 0.107769, 0.118082, 0.166788, 0.167654, 0.105038, 0.11535, 0.160778, 0.161693, 0.105522, 0.115833, 0.161639, 0.162546
2, 3, 5, 6, 10, 11, 0.104925, 0.115131, 0.163896, 0.164882, 0.0986605, 0.10893, 0.151257, 0.152482, 0.098578, 0.108869, 0.151062, 0.152315
2, 3, 5, 6, 9, 11, 0.0964778, 0.1061, 0.142303, 0.143143, 0.0920637, 0.101703, 0.134086, 0.135048, 0.0922175, 0.101862, 0.134315, 0.135279
2, 3, 5, 6, 9, 10, 0.107369, 0.116436, 0.156738, 0.157217, 0.10284, 0.111918, 0.148143, 0.148733, 0.102854, 0.11193, 0.148196, 0.148781
2, 3, 5, 6, 8, 11, 0.107062, 0.117113, 0.169558, 0.170645, 0.102092, 0.112204, 0.157661, 0.158993, 0.101375, 0.111512, 0.156716, 0.158079
2, 3, 5, 6, 8, 10, 0.108399, 0.118359, 0.169494, 0.170444, 0.103078, 0.113087, 0.157838, 0.15898, 0.102959, 0.112981, 0.157563, 0.158727
2, 3, 5, 6, 8, 9, 0.102402, 0.111667, 0.151511, 0.152252, 0.0961231, 0.105398, 0.139852, 0.140716, 0.0964519, 0.105735, 0.140474, 0.141342
2, 3, 5, 6, 7, 11, 0.105169, 0.115137, 0.162369, 0.163323, 0.101682, 0.111668, 0.154933, 0.15598, 0.101978, 0.111959, 0.155652, 0.156688
2, 3, 5, 6, 7, 10, 0.121145, 0.130663, 0.185379, 0.186011, 0.118029, 0.127553, 0.178666, 0.179341, 0.118287, 0.127804, 0.17939, 0.18006
2, 3, 5, 6, 7, 9, 0.128039, 0.136446, 0.191749, 0.191944, 0.121744, 0.130159, 0.179111, 0.179434, 0.121901, 0.13032, 0.179394, 0.17972
2, 3, 5, 6, 7, 8, 0.112816, 0.12244, 0.174664, 0.175538, 0.108223, 0.117853, 0.165328, 0.166273, 0.10868, 0.118303, 0.166331, 0.167265
2, 3, 4, 9, 10, 11, 0.102764, 0.113439, 0.158419, 0.15927, 0.0988832, 0.109554, 0.151034, 0.151941, 0.0989902, 0.109663, 0.151201, 0.152108
2, 3, 4, 8, 10, 11, 0.104099, 0.114989, 0.160092, 0.161456, 0.102543, 0.113424, 0.155931, 0.157323, 0.102357, 0.113238, 0.155745, 0.157141
2, 3, 4, 8, 9, 11, 0.100932, 0.111515, 0.158387, 0.159366, 0.0981917, 0.108772, 0.151658, 0.152711, 0.0981976, 0.108786, 0.151624, 0.152687
2, 3, 4, 8, 9, 10, 0.105774, 0.116171, 0.163111, 0.163878, 0.103267, 0.11366, 0.157567, 0.158374, 0.103246, 0.113645, 0.157471, 0.158286
2, 3, 4, 7, 10, 11, 0.109162, 0.120043, 0.165854, 0.166882, 0.109707, 0.120586, 0.165728, 0.166755, 0.10944, 0.120319, 0.165461, 0.166489
2, 3, 4, 7, 9, 11, 0.102313, 0.112658, 0.157215, 0.15785, 0.100531, 0.110878, 0.152851, 0.153521, 0.100919, 0.111267, 0.15355, 0.154215
2, 3, 4, 7, 9, 10, 0.119299, 0.129136, 0.180964, 0.181234, 0.117545, 0.12738, 0.176933, 0.177225, 0.117504, 0.127344, 0.176807, 0.177107
2, 3, 4, 7, 8, 11, 0.105917, 0.116656, 0.161413, 0.162644, 0.106502, 0.117234, 0.161149, 0.162376, 0.105999, 0.116732, 0.160442, 0.161674
2, 3, 4, 7, 8, 10, 0.112011, 0.122634, 0.169993, 0.170928, 0.111671, 0.122292, 0.168452, 0.169383, 0.111571, 0.122194, 0.168445, 0.169378
2, 3, 4, 7, 8, 9, 0.110561, 0.120547, 0.170626, 0.171139, 0.108014, 0.117999, 0.164699, 0.165248, 0.108622, 0.118603, 0.165818, 0.166356
2, 3, 4, 6, 10, 11, 0.108359, 0.118233, 0.168776, 0.169429, 0.102749, 0.112685, 0.156665, 0.157526, 0.102691, 0.112631, 0.156668, 0.157532
2, 3, 4, 6, 9, 11, 0.101162, 0.110221, 0.14904, 0.149366, 0.0963837, 0.105473, 0.140102, 0.140545, 0.0964769, 0.105569, 0.140279, 0.140723
2, 3, 4, 6, 9, 10, 0.110958, 0.119285, 0.161431, 0.161341, 0.106821, 0.11517, 0.15345, 0.15345, 0.106985, 0.115333, 0.153747, 0.153744
2, 3, 4, 6, 8, 11, 0.109846, 0.119674, 0.173958, 0.174764, 0.104692, 0.11458, 0.160959, 0.162001, 0.104268, 0.11417, 0.160681, 0.161737
2, 3, 4, 6, 8, 10, 0.111402, 0.121067, 0.173338, 0.173989, 0.106415, 0.116119, 0.162137, 0.162936, 0.106598, 0.116303, 0.162561, 0.163363
2, 3, 4, 6, 8, 9, 0.105882, 0.11455, 0.156005, 0.156238, 0.0998582, 0.108549, 0.144851, 0.14519, 0.100077, 0.108776, 0.145236, 0.145584
2, 3, 4, 6, 7, 11, 0.108848, 0.11845, 0.167008, 0.167583, 0.105998, 0.115612, 0.16067, 0.161312, 0.106348, 0.115954, 0.161574, 0.162198
2, 3, 4, 6, 7, 10, 0.125923, 0.13494, 0.191825, 0.192015, 0.122944, 0.131964, 0.185212, 0.185432, 0.12333, 0.132346, 0.186327, 0.186547
2, 3, 4, 6, 7, 9, 0.131567, 0.139092, 0.196099, 0.195704, 0.126061, 0.133593, 0.184821, 0.18452, 0.126099, 0.133634, 0.184876, 0.184582
2, 3, 4, 6, 7, 8, 0.116268, 0.125497, 0.179114, 0.179609, 0.112029, 0.121265, 0.17023, 0.170783, 0.112417, 0.121647, 0.171206, 0.17175
2, 3, 4, 5, 10, 11, 0.104899, 0.115888, 0.160693, 0.162016, 0.105617, 0.116607, 0.161015, 0.162336, 0.105609, 0.1166, 0.16097, 0.162294
2, 3, 4, 5, 9, 11, 0.102913, 0.113373, 0.161377, 0.162218, 0.102226, 0.11269, 0.158881, 0.159751, 0.10218, 0.112646, 0.158791, 0.159663
2, 3, 4, 5, 9, 10, 0.11636, 0.126328, 0.179378, 0.179898, 0.115067, 0.125035, 0.176025, 0.176573, 0.115184, 0.125151, 0.176262, 0.176808
2, 3, 4, 5, 8, 11, 0.121403, 0.132, 0.18598, 0.187302, 0.122253, 0.132851, 0.186564, 0.187885, 0.120398, 0.130993, 0.183703, 0.185031
2, 3, 4, 5, 8, 10, 0.109578, 0.120279, 0.167868, 0.169061, 0.109341, 0.120043, 0.166658, 0.167851, 0.109236, 0.119938, 0.166538, 0.167737
2, 3, 4, 5, 8, 9, 0.109597, 0.119636, 0.172103, 0.172798, 0.107756, 0.117796, 0.167241, 0.167976, 0.107981, 0.118023, 0.167766, 0.168503
2, 3, 4, 5, 7, 11, 0.10768, 0.118494, 0.164544, 0.165685, 0.108615, 0.119432, 0.165316, 0.166449, 0.108302, 0.11912, 0.164993, 0.166126
2, 3, 4, 5, 7, 10, 0.128318, 0.13854, 0.19408, 0.1948, 0.128225, 0.138449, 0.193559, 0.19427, 0.128228, 0.138452, 0.193744, 0.19445
2, 3, 4, 5, 7, 9, 0.136874, 0.14621, 0.21295, 0.213182, 0.135687, 0.145022, 0.208993, 0.209292, 0.135554, 0.144896, 0.208713, 0.20902
2, 3, 4, 5, 7, 8, 0.115, 0.125442, 0.176151, 0.177141, 0.114545, 0.124989, 0.174481, 0.175467, 0.114218, 0.124662, 0.174267, 0.175255
2, 3, 4, 5, 6, 11, 0.110557, 0.12043, 0.172883, 0.173732, 0.108207, 0.118098, 0.167294, 0.168219, 0.107586, 0.117492, 0.166593, 0.167531
2, 3, 4, 5, 6, 10, 0.121604, 0.130873, 0.187626, 0.188136, 0.118954, 0.128233, 0.181702, 0.182259, 0.118476, 0.127764, 0.181099, 0.181663
2, 3, 4, 5, 6, 9, 0.166545, 0.174379, 0.262518, 0.262512, 0.15183, 0.159687, 0.233576, 0.233661, 0.151885, 0.159744, 0.23385, 0.233939
2, 3, 4, 5, 6, 8, 0.118419, 0.127777, 0.185202, 0.185927, 0.114905, 0.124275, 0.177247, 0.178051, 0.114268, 0.123648, 0.176478, 0.177291
2, 3, 4, 5, 6, 7, 0.140327, 0.148946, 0.219629, 0.21988, 0.137067, 0.145696, 0.212108, 0.21243, 0.137759, 0.146379, 0.213922, 0.214241
1, 7, 8, 9, 10, 11, 0.123841, 0.135394, 0.204035, 0.205003, 0.0999126, 0.111446, 0.1562, 0.157503, 0.0996624, 0.111203, 0.154416, 0.155755
1, 6, 8, 9, 10, 11, 0.116994, 0.127423, 0.179606, 0.180393, 0.093018, 0.103424, 0.137658, 0.138683, 0.0935992, 0.104, 0.13799, 0.139011
1, 6, 7, 9, 10, 11, 0.115894, 0.126079, 0.172786, 0.173416, 0.0947926, 0.104974, 0.135453, 0.136302, 0.095285, 0.105455, 0.13661, 0.13743
1, 6, 7, 8, 10, 11, 0.128171, 0.138633, 0.209113, 0.209803, 0.1049, 0.115423, 0.164439, 0.165505, 0.104609, 0.115153, 0.163206, 0.16432
1, 6, 7, 8, 9, 11, 0.108263, 0.118534, 0.16351, 0.164357, 0.0916214, 0.101891, 0.132266, 0.133361, 0.0927635, 0.103009, 0.135103, 0.136126
1, 6, 7, 8, 9, 10, 0.115855, 0.125987, 0.172903, 0.173536, 0.0989625, 0.109098, 0.14171, 0.142606, 0.0998417, 0.109954, 0.143522, 0.144366
1, 5, 8, 9, 10, 11, 0.114884, 0.126514, 0.198092, 0.199186, 0.0970866, 0.108717, 0.154748, 0.156285, 0.0974094, 0.109044, 0.153727, 0.155289
1, 5, 7, 9, 10, 11, 0.108513, 0.120252, 0.170294, 0.171581, 0.0992459, 0.110973, 0.152354, 0.153825, 0.100049, 0.11177, 0.153016, 0.154477
1, 5, 7, 8, 10, 11, 0.118984, 0.13076, 0.180341, 0.182017, 0.109178, 0.120955, 0.167296, 0.169043, 0.108838, 0.120615, 0.166596, 0.168346
1, 5, 7, 8, 9, 11, 0.104271, 0.115797, 0.169352, 0.170648, 0.0967881, 0.108318, 0.150647, 0.152192, 0.0970421, 0.108573, 0.150452, 0.152003
1, 5, 7, 8, 9, 10, 0.112254, 0.123729, 0.175949, 0.177167, 0.105464, 0.116931, 0.162094, 0.16347, 0.1056, 0.117068, 0.162004, 0.163389
1, 5, 6, 9, 10, 11, 0.0989109, 0.109532, 0.146761, 0.14786, 0.086555, 0.0971787, 0.124054, 0.125426, 0.0875391, 0.0981258, 0.126085, 0.127368
1, 5, 6, 8, 10, 11, 0.116529, 0.127268, 0.194654, 0.195614, 0.0989631, 0.109762, 0.15756, 0.159012, 0.0988017, 0.109622, 0.156244, 0.157751
1, 5, 6, 8, 9, 11, 0.0956858, 0.106223, 0.144093, 0.145324, 0.0856412, 0.0961832, 0.124248, 0.125754, 0.0863079, 0.0968184, 0.125835, 0.127264
1, 5, 6, 8, 9, 10, 0.100649, 0.111062, 0.149715, 0.150788, 0.0903317, 0.100751, 0.12972, 0.131074, 0.091177, 0.101573, 0.131377, 0.132669
1, 5, 6, 7, 10, 11, 0.115645, 0.126388, 0.188226, 0.18912, 0.103458, 0.114269, 0.161408, 0.162646, 0.103302, 0.114134, 0.160302, 0.161588
1, 5, 6, 7, 9, 11, 0.0994445, 0.109833, 0.147925, 0.148875, 0.09048, 0.10088, 0.129657, 0.130845, 0.0910513, 0.101431, 0.130853, 0.132002
1, 5, 6, 7, 9, 10, 0.112161, 0.122178, 0.165299, 0.165962, 0.103484, 0.113513, 0.147632, 0.14855, 0.10358, 0.113594, 0.147718, 0.148623
1, 5, 6, 7, 8, 11, 0.111512, 0.122116, 0.184454, 0.185479, 0.101725, 0.112404, 0.160061, 0.16144, 0.101961, 0.112658, 0.159585, 0.161004
1, 5, 6, 7, 8, 10, 0.117614, 0.128188, 0.191193, 0.192143, 0.108107, 0.118723, 0.168512, 0.169728, 0.108166, 0.118795, 0.16796, 0.169208
1, 5, 6, 7, 8, 9, 0.110442, 0.12056, 0.16635, 0.167214, 0.0986069, 0.108732, 0.142744, 0.143869, 0.0992618, 0.109374, 0.143909, 0.145008
1, 4, 8, 9, 10, 11, 0.112027, 0.123481, 0.192282, 0.193196, 0.0966102, 0.108083, 0.150584, 0.151959, 0.0969315, 0.108405, 0.150493, 0.151861
1, 4, 7, 9, 10, 11, 0.108712, 0.120145, 0.171763, 0.172728, 0.100409, 0.111841, 0.153445, 0.15457, 0.100566, 0.112, 0.153133, 0.154266
1, 4, 7, 8, 10, 11, 0.121319, 0.132958, 0.183958, 0.185379, 0.11271, 0.124343, 0.172325, 0.1738, 0.112344, 0.123976, 0.171662, 0.173141
1, 4, 7, 8, 9, 11, 0.104003, 0.115321, 0.169059, 0.170106, 0.097582, 0.108917, 0.151062, 0.152332, 0.0975797, 0.108923, 0.150327, 0.151617
1, 4, 7, 8, 9, 10, 0.112266, 0.123474, 0.177088, 0.178006, 0.106571, 0.117781, 0.162955, 0.164014, 0.106874, 0.118081, 0.16281, 0.163871
1, 4, 6, 9, 10, 11, 0.0992465, 0.109399, 0.146165, 0.146898, 0.0885892, 0.0987658, 0.126174, 0.127128, 0.089207, 0.099345, 0.127363, 0.128246
1, 4, 6, 8, 10, 11, 0.115466, 0.125949, 0.192043, 0.192734, 0.100231, 0.110816, 0.157506, 0.15873, 0.100301, 0.110904, 0.157078, 0.158333
1, 4, 6, 8, 9, 11, 0.0962333, 0.106432, 0.143657, 0.144584, 0.0873954, 0.0976251, 0.125955, 0.127128, 0.0880781, 0.0982801, 0.127528, 0.128639
1, 4, 6, 8, 9, 10, 0.100852, 0.110838, 0.148859, 0.149586, 0.0922118, 0.10222, 0.131551, 0.132507, 0.0928416, 0.102811, 0.132693, 0.133581
1, 4, 6, 7, 10, 11, 0.116533, 0.126923, 0.188923, 0.189468, 0.106511, 0.116996, 0.164884, 0.165772, 0.106321, 0.116823, 0.164002, 0.164922
1, 4, 6, 7, 9, 11, 0.100056, 0.109961, 0.14771, 0.148267, 0.0921933, 0.102117, 0.131556, 0.132302, 0.0925538, 0.102463, 0.132123, 0.132847
1, 4, 6, 7, 9, 10, 0.112767, 0.122188, 0.164953, 0.165185, 0.105392, 0.114829, 0.149591, 0.150016, 0.105386, 0.11482, 0.149514, 0.149936
1, 4, 6, 7, 8, 11, 0.111944, 0.122299, 0.184129, 0.184857, 0.103872, 0.114329, 0.162094, 0.163193, 0.104054, 0.114529, 0.161828, 0.162953
1, 4, 6, 7, 8, 10, 0.118556, 0.12881, 0.191824, 0.192437, 0.110431, 0.120749, 0.170898, 0.17178, 0.110321, 0.120654, 0.170158, 0.17107
1, 4, 6, 7, 8, 9, 0.110143, 0.119803, 0.164359, 0.164873, 0.099887, 0.109559, 0.143702, 0.144418, 0.100506, 0.110156, 0.144744, 0.145433
1, 4, 5, 9, 10, 11, 0.102928, 0.114447, 0.167519, 0.16867, 0.0987881, 0.11034, 0.153544, 0.15491, 0.0988125, 0.110367, 0.152824, 0.154204
1, 4, 5, 8, 10, 11, 0.122707, 0.13427, 0.190301, 0.191884, 0.120427, 0.131992, 0.186626, 0.188222, 0.120447, 0.13201, 0.186484, 0.188079
1, 4, 5, 8, 9, 11, 0.103176, 0.11445, 0.175357, 0.176411, 0.0983692, 0.109698, 0.154831, 0.156237, 0.0984393, 0.109771, 0.154176, 0.155586
1, 4, 5, 8, 9, 10, 0.107233, 0.118469, 0.173317, 0.174412, 0.104165, 0.115425, 0.161742, 0.163004, 0.104345, 0.115604, 0.161421, 0.162692
1, 4, 5, 7, 10, 11, 0.118504, 0.130241, 0.181623, 0.183056, 0.118065, 0.129801, 0.181032, 0.182455, 0.117784, 0.129519, 0.180508, 0.181934
1, 4, 5, 7, 9, 11, 0.106741, 0.117977, 0.174747, 0.175644, 0.102911, 0.114197, 0.159752, 0.160884, 0.103132, 0.114423, 0.159321, 0.160471
1, 4, 5, 7, 9, 10, 0.123273, 0.134169, 0.197179, 0.197845, 0.119937, 0.130873, 0.183912, 0.184758, 0.120049, 0.13099, 0.183311, 0.184179
1, 4, 5, 7, 8, 11, 0.114484, 0.12594, 0.175573, 0.177117, 0.114728, 0.126183, 0.175982, 0.177514, 0.114111, 0.125565, 0.174901, 0.176436
1, 4, 5, 7, 8, 10, 0.118822, 0.130233, 0.181132, 0.182476, 0.119002, 0.130412, 0.18131, 0.182639, 0.118773, 0.130182, 0.180926, 0.182255
1, 4, 5, 7, 8, 9, 0.115715, 0.126591, 0.189631, 0.190406, 0.111744, 0.122661, 0.174082, 0.175076, 0.112069, 0.122991, 0.173796, 0.174812
1, 4, 5, 6, 10, 11, 0.10929, 0.119927, 0.180821, 0.181675, 0.102762, 0.113506, 0.161522, 0.162765, 0.102823, 0.113579, 0.160952, 0.162222
1, 4, 5, 6, 9, 11, 0.0983382, 0.108465, 0.147084, 0.147947, 0.0915772, 0.101731, 0.133148, 0.134214, 0.0919848, 0.102117, 0.133901, 0.134933
1, 4, 5, 6, 9, 10, 0.107525, 0.117197, 0.158494, 0.159093, 0.101835, 0.111526, 0.14651, 0.147308, 0.101949, 0.11163, 0.146708, 0.147493
1, 4, 5, 6, 8, 11, 0.110563, 0.121036, 0.184883, 0.185854, 0.105674, 0.116255, 0.167503, 0.168842, 0.105243, 0.115841, 0.166176, 0.167554
1, 4, 5, 6, 8, 10, 0.112792, 0.12321, 0.186024, 0.186914, 0.107061, 0.117554, 0.168082, 0.169271, 0.107373, 0.117876, 0.16807, 0.169285
1, 4, 5, 6, 8, 9, 0.108061, 0.117851, 0.162603, 0.163384, 0.0981245, 0.107932, 0.14299, 0.14398, 0.0983471, 0.108145, 0.143443, 0.144418
1, 4, 5, 6, 7, 11, 0.110672, 0.121126, 0.179589, 0.180479, 0.107329, 0.117834, 0.167704, 0.16877, 0.10772, 0.11823, 0.16784, 0.168916
1, 4, 5, 6, 7, 10, 0.126853, 0.136933, 0.202945, 0.203585, 0.123449, 0.133554, 0.191427, 0.192192, 0.123778, 0.133883, 0.191667, 0.192443
1, 4, 5, 6, 7, 9, 0.140328, 0.149426, 0.216973, 0.217298, 0.127797, 0.136912, 0.190209, 0.190761, 0.127223, 0.136349, 0.188741, 0.189328
1, 4, 5, 6, 7, 8, 0.118083, 0.128233, 0.191688, 0.192533, 0.113665, 0.123847, 0.177915, 0.17891, 0.114393, 0.124577, 0.178761, 0.179764
1, 3, 8, 9, 10, 11, 0.109573, 0.120576, 0.168991, 0.170116, 0.0973884, 0.108372, 0.148795, 0.150092, 0.0974436, 0.108431, 0.148757, 0.150063
1, 3, 7, 9, 10, 11, 0.110638, 0.121495, 0.167758, 0.168607, 0.0997472, 0.110596, 0.149595, 0.150576, 0.0999783, 0.110825, 0.149924, 0.150898
1, 3, 7, 8, 10, 11, 0.115307, 0.126398, 0.174995, 0.176252, 0.1065, 0.117581, 0.161015, 0.162367, 0.106163, 0.117248, 0.1609, 0.16227
1, 3, 7, 8, 9, 11, 0.103502, 0.114319, 0.159081, 0.160119, 0.0961017, 0.106913, 0.145667, 0.146843, 0.096173, 0.106981, 0.145736, 0.146905
1, 3, 7, 8, 9, 10, 0.111746, 0.122399, 0.169487, 0.170291, 0.105002, 0.115649, 0.157594, 0.158504, 0.105062, 0.115712, 0.15762, 0.158532
1, 3, 6, 9, 10, 11, 0.105066, 0.114752, 0.152877, 0.153376, 0.0953377, 0.105024, 0.136691, 0.13731, 0.0955682, 0.105254, 0.137043, 0.137655
1, 3, 6, 8, 10, 11, 0.114317, 0.124536, 0.17615, 0.177187, 0.101678, 0.111886, 0.1551, 0.156304, 0.101673, 0.111892, 0.155151, 0.15638
1, 3, 6, 8, 9, 11, 0.0995561, 0.109429, 0.145553, 0.146408, 0.0925448, 0.102421, 0.133549, 0.134537, 0.0928873, 0.102755, 0.133992, 0.134969
1, 3, 6, 8, 9, 10, 0.102893, 0.112433, 0.148771, 0.149342, 0.0963907, 0.105932, 0.137276, 0.137968, 0.0967135, 0.106251, 0.137749, 0.138428
1, 3, 6, 7, 10, 11, 0.116037, 0.12596, 0.177435, 0.178034, 0.107576, 0.117544, 0.162063, 0.162852, 0.10747, 0.117474, 0.162008, 0.162829
1, 3, 6, 7, 9, 11, 0.0996007, 0.108912, 0.142716, 0.143138, 0.0940142, 0.103341, 0.132927, 0.133472, 0.0942654, 0.103589, 0.133243, 0.133783
1, 3, 6, 7, 9, 10, 0.113072, 0.121814, 0.161266, 0.161313, 0.10771, 0.116463, 0.151513, 0.151672, 0.108018, 0.11677, 0.151906, 0.152062
1, 3, 6, 7, 8, 11, 0.110356, 0.120291, 0.170096, 0.170938, 0.103407, 0.11338, 0.156875, 0.157905, 0.103454, 0.113461, 0.15719, 0.158247
1, 3, 6, 7, 8, 10, 0.116992, 0.126769, 0.17908, 0.17967, 0.110161, 0.119976, 0.165805, 0.16657, 0.110276, 0.120112, 0.166109, 0.166897
1, 3, 6, 7, 8, 9, 0.106429, 0.115495, 0.153749, 0.154125, 0.100152, 0.109225, 0.142414, 0.142911, 0.100395, 0.109467, 0.142789, 0.143283
1, 3, 5, 9, 10, 11, 0.10061, 0.111736, 0.154167, 0.155399, 0.0955907, 0.106715, 0.145452, 0.1468, 0.0958999, 0.107022, 0.145945, 0.147284
1, 3, 5, 8, 10, 11, 0.101045, 0.112216, 0.154917, 0.156601, 0.098477, 0.109642, 0.149611, 0.151341, 0.0981478, 0.109318, 0.149348, 0.151101
1, 3, 5, 8, 9, 11, 0.0980659, 0.109018, 0.152398, 0.153737, 0.0951511, 0.106105, 0.146447, 0.147897, 0.0955093, 0.106462, 0.147031, 0.148467
1, 3, 5, 8, 9, 10, 0.1034, 0.114244, 0.158468, 0.159632, 0.100252, 0.111093, 0.152466, 0.153707, 0.10065, 0.11149, 0.153136, 0.154368
1, 3, 5, 7, 10, 11, 0.103845, 0.115144, 0.15769, 0.159133, 0.10329, 0.114587, 0.155993, 0.157449, 0.102859, 0.114157, 0.155656, 0.157122
1, 3, 5, 7, 9, 11, 0.0993827, 0.110231, 0.151549, 0.15264, 0.0969584, 0.107809, 0.146704, 0.147853, 0.0971605, 0.108016, 0.147021, 0.148173
1, 3, 5, 7, 9, 10, 0.116084, 0.12653, 0.174955, 0.175717, 0.113911, 0.124357, 0.170711, 0.171516, 0.114327, 0.12477, 0.171429, 0.172227
1, 3, 5, 7, 8, 11, 0.101552, 0.112592, 0.154923, 0.156495, 0.10143, 0.112463, 0.153837, 0.155415, 0.100708, 0.111745, 0.15296, 0.154557
1, 3, 5, 7, 8, 10, 0.107189, 0.118213, 0.162581, 0.163927, 0.106163, 0.117185, 0.160101, 0.161456, 0.10606, 0.117084, 0.160244, 0.16161
1, 3, 5, 7, 8, 9, 0.107815, 0.118304, 0.165317, 0.166281, 0.1049, 0.115389, 0.159484, 0.160504, 0.105002, 0.115495, 0.159613, 0.160636
1, 3, 5, 6, 10, 11, 0.104221, 0.114579, 0.160957, 0.162028, 0.0983224, 0.108725, 0.14967, 0.150955, 0.0997854, 0.110179, 0.152107, 0.15338
1, 3, 5, 6, 9, 11, 0.0947522, 0.104513, 0.137419, 0.138316, 0.0908155, 0.100589, 0.130424, 0.131444, 0.0910021, 0.100772, 0.130671, 0.131684
1, 3, 5, 6, 9, 10, 0.106251, 0.115449, 0.152842, 0.15337, 0.101908, 0.111114, 0.144904, 0.145553, 0.102079, 0.11129, 0.145164, 0.145815
1, 3, 5, 6, 8, 11, 0.105462, 0.115699, 0.164359, 0.165598, 0.101663, 0.111931, 0.156121, 0.157534, 0.101091, 0.111382, 0.155492, 0.156933
1, 3, 5, 6, 8, 10, 0.10757, 0.117687, 0.166424, 0.167437, 0.102604, 0.112764, 0.15601, 0.157225, 0.103063, 0.11323, 0.156939, 0.158168
1, 3, 5, 6, 8, 9, 0.100699, 0.110119, 0.146755, 0.147569, 0.0952078, 0.104633, 0.136828, 0.13777, 0.095523, 0.104955, 0.137367, 0.138312
1, 3, 5, 6, 7, 11, 0.105055, 0.115172, 0.160753, 0.161771, 0.101444, 0.111575, 0.15375, 0.15486, 0.101504, 0.111647, 0.153981, 0.155098
1, 3, 5, 6, 7, 10, 0.121124, 0.130791, 0.184085, 0.184772, 0.117748, 0.127419, 0.177174, 0.177917, 0.118271, 0.127936, 0.178395, 0.179129
1, 3, 5, 6, 7, 9, 0.126507, 0.135008, 0.186964, 0.187202, 0.121205, 0.129711, 0.176414, 0.176789, 0.121362, 0.129871, 0.176714, 0.17709
1, 3, 5, 6, 7, 8, 0.112889, 0.122665, 0.17358, 0.174525, 0.108218, 0.117998, 0.164493, 0.165514, 0.108276, 0.118067, 0.164706, 0.165732
1, 3, 4, 9, 10, 11, 0.102383, 0.113178, 0.156034, 0.156952, 0.0981352, 0.108923, 0.148506, 0.149486, 0.0983824, 0.10917, 0.148943, 0.149917
1, 3, 4, 8, 10, 11, 0.103903, 0.114942, 0.158838, 0.160296, 0.10273, 0.11376, 0.155657, 0.157128, 0.102504, 0.113536, 0.155621, 0.157104
1, 3, 4, 8, 9, 11, 0.0996488, 0.110385, 0.153763, 0.15486, 0.0972218, 0.107951, 0.148785, 0.14994, 0.0973791, 0.108109, 0.149049, 0.1502
1, 3, 4, 8, 9, 10, 0.105351, 0.11588, 0.160623, 0.161471, 0.102623, 0.113144, 0.155229, 0.156119, 0.102806, 0.113329, 0.155523, 0.156413
1, 3, 4, 7, 10, 11, 0.109949, 0.120956, 0.166598, 0.16769, 0.110221, 0.121226, 0.166014, 0.167107, 0.110234, 0.121242, 0.166227, 0.167328
1, 3, 4, 7, 9, 11, 0.102304, 0.112765, 0.155506, 0.1562, 0.0999794, 0.110441, 0.150744, 0.151479, 0.100324, 0.110785, 0.151331, 0.15206
1, 3, 4, 7, 9, 10, 0.119378, 0.129333, 0.179367, 0.179692, 0.117265, 0.127217, 0.175178, 0.17553, 0.117724, 0.127675, 0.175946, 0.176293
1, 3, 4, 7, 8, 11, 0.106513, 0.117393, 0.161806, 0.163112, 0.106958, 0.11783, 0.161525, 0.162825, 0.106115, 0.116989, 0.160675, 0.161987
1, 3, 4, 7, 8, 10, 0.112244, 0.122998, 0.169801, 0.170809, 0.111648, 0.122399, 0.167813, 0.168819, 0.111474, 0.122227, 0.167906, 0.168922
1, 3, 4, 7, 8, 9, 0.110668, 0.12078, 0.169091, 0.169675, 0.107857, 0.117965, 0.163305, 0.163927, 0.108217, 0.118326, 0.163927, 0.164545
1, 3, 4, 6, 10, 11, 0.107461, 0.117415, 0.165283, 0.165954, 0.102424, 0.112442, 0.155078, 0.155973, 0.102381, 0.112414, 0.155164, 0.156072
1, 3, 4, 6, 9, 11, 0.0988939, 0.10798, 0.143059, 0.143375, 0.0946647, 0.103787, 0.135468, 0.135913, 0.0949743, 0.104083, 0.135955, 0.136379
1, 3, 4, 6, 9, 10, 0.109756, 0.118096, 0.157287, 0.157172, 0.105719, 0.114077, 0.14981, 0.149791, 0.105816, 0.114178, 0.149965, 0.149948
1, 3, 4, 6, 8, 11, 0.107517, 0.117459, 0.16679, 0.167701, 0.104135, 0.11413, 0.159194, 0.16029, 0.10396, 0.113968, 0.159339, 0.160445
1, 3, 4, 6, 8, 10, 0.110434, 0.120196, 0.16968, 0.170367, 0.105946, 0.115743, 0.160277, 0.161124, 0.105808, 0.11562, 0.160164, 0.161026
1, 3, 4, 6, 8, 9, 0.103935, 0.112639, 0.150698, 0.150924, 0.0987419, 0.107469, 0.141279, 0.14162, 0.0990474, 0.107768, 0.141791, 0.142124
1, 3, 4, 6, 7, 11, 0.108994, 0.118685, 0.165896, 0.166509, 0.105822, 0.11552, 0.159581, 0.160257, 0.106353, 0.116046, 0.16079, 0.16145
1, 3, 4, 6, 7, 10, 0.126072, 0.135181, 0.190805, 0.191027, 0.122821, 0.131928, 0.184073, 0.184326, 0.123467, 0.13257, 0.185717, 0.185967
1, 3, 4, 6, 7, 9, 0.130179, 0.137673, 0.191365, 0.19095, 0.125656, 0.133154, 0.182144, 0.181829, 0.125752, 0.133254, 0.182347, 0.182036
1, 3, 4, 6, 7, 8, 0.116361, 0.125693, 0.177984, 0.178528, 0.111982, 0.121315, 0.169326, 0.169925, 0.112608, 0.121936, 0.170683, 0.171266
1, 3, 4, 5, 10, 11, 0.104384, 0.115537, 0.158919, 0.160361, 0.104851, 0.116002, 0.158961, 0.160396, 0.104643, 0.115795, 0.158809, 0.16025
1, 3, 4, 5, 9, 11, 0.101505, 0.112127, 0.157156, 0.158111, 0.100583, 0.111205, 0.154702, 0.155683, 0.100806, 0.111423, 0.155187, 0.156154
1, 3, 4, 5, 9, 10, 0.11541, 0.125545, 0.175999, 0.176619, 0.113903, 0.124035, 0.172688, 0.173337, 0.114097, 0.124228, 0.173082, 0.173729
1, 3, 4, 5, 8, 11, 0.122227, 0.132994, 0.1864, 0.187823, 0.123393, 0.134157, 0.187805, 0.189213, 0.12134, 0.132102, 0.184639, 0.186061
1, 3, 4, 5, 8, 10, 0.109089, 0.11996, 0.166201, 0.167516, 0.108716, 0.119585, 0.164856, 0.166166, 0.108504, 0.119375, 0.164692, 0.166016
1, 3, 4, 5, 8, 9, 0.108738, 0.118948, 0.168836, 0.169649, 0.106884, 0.117091, 0.164531, 0.16538, 0.107144, 0.117355, 0.165105, 0.165957
1, 3, 4, 5, 7, 11, 0.107389, 0.118366, 0.163404, 0.164655, 0.107951, 0.11893, 0.163638, 0.164882, 0.107567, 0.118547, 0.163279, 0.164529
1, 3, 4, 5, 7, 10, 0.128009, 0.138473, 0.192743, 0.19357, 0.127708, 0.138172, 0.19177, 0.192589, 0.127157, 0.137619, 0.19111, 0.191932
1, 3, 4, 5, 7, 9, 0.136526, 0.146018, 0.210243, 0.210578, 0.135226, 0.144711, 0.206937, 0.207328, 0.135862, 0.145347, 0.208055, 0.208443
1, 3, 4, 5, 7, 8, 0.114822, 0.12543, 0.175237, 0.176342, 0.114146, 0.124753, 0.173256, 0.174356, 0.113907, 0.124515, 0.17325, 0.174359
1, 3, 4, 5, 6, 11, 0.109342, 0.119327, 0.169343, 0.170289, 0.10699, 0.116983, 0.164162, 0.16517, 0.106756, 0.116746, 0.164194, 0.165197
1, 3, 4, 5, 6, 10, 0.120481, 0.12991, 0.184269, 0.184869, 0.117699, 0.12713, 0.178333, 0.178979, 0.117911, 0.127333, 0.179112, 0.179752
1, 3, 4, 5, 6, 9, 0.158642, 0.166499, 0.245957, 0.246003, 0.147093, 0.154965, 0.223205, 0.22335, 0.146919, 0.154802, 0.223038, 0.223192
1, 3, 4, 5, 6, 8, 0.11738, 0.127018, 0.182339, 0.183167, 0.114035, 0.123676, 0.175175, 0.176069, 0.113903, 0.12354, 0.175442, 0.17633
1, 3, 4, 5, 6, 7, 0.139661, 0.148428, 0.21704, 0.217377, 0.136396, 0.145165, 0.209911, 0.210313, 0.137376, 0.146137, 0.212208, 0.212604
1, 2, 8, 9, 10, 11, 0.113002, 0.124229, 0.186895, 0.187932, 0.102013, 0.11325, 0.162064, 0.163394, 0.102863, 0.114094, 0.16373, 0.165022
1, 2, 7, 9, 10, 11, 0.109718, 0.120935, 0.174049, 0.175014, 0.101383, 0.11261, 0.157371, 0.158523, 0.101674, 0.112891, 0.15762, 0.158755
1, 2, 7, 8, 10, 11, 0.119027, 0.130426, 0.181804, 0.183295, 0.111658, 0.123058, 0.171436, 0.172972, 0.111357, 0.122757, 0.170865, 0.172405
1, 2, 7, 8, 9, 11, 0.105395, 0.116416, 0.173775, 0.174713, 0.0986974, 0.109747, 0.155362, 0.156591, 0.0991228, 0.110162, 0.155627, 0.156834
1, 2, 7, 8, 9, 10, 0.112386, 0.123293, 0.176003, 0.176937, 0.107644, 0.118553, 0.166339, 0.167372, 0.107747, 0.118655, 0.166427, 0.167459
1, 2, 6, 9, 10, 11, 0.101522, 0.111415, 0.150955, 0.151576, 0.0932516, 0.103193, 0.13618, 0.137031, 0.0940563, 0.10395, 0.137984, 0.138731
1, 2, 6, 8, 10, 11, 0.116881, 0.127202, 0.191915, 0.192748, 0.103275, 0.113672, 0.163909, 0.165136, 0.103806, 0.114211, 0.164799, 0.166018
1, 2, 6, 8, 9, 11, 0.0979003, 0.107796, 0.147861, 0.148631, 0.0918397, 0.101778, 0.136036, 0.137034, 0.0925902, 0.102488, 0.13783, 0.13874
1, 2, 6, 8, 9, 10, 0.100821, 0.110459, 0.149308, 0.149935, 0.0951332, 0.104809, 0.138259, 0.139079, 0.095892, 0.105525, 0.13991, 0.140643
1, 2, 6, 7, 10, 11, 0.116871, 0.127041, 0.19028, 0.190836, 0.107422, 0.117703, 0.168096, 0.169012, 0.109737, 0.120012, 0.17036, 0.171277
1, 2, 6, 7, 9, 11, 0.0973645, 0.106854, 0.142897, 0.143416, 0.0922441, 0.101784, 0.133258, 0.133958, 0.0925431, 0.102056, 0.133854, 0.134517
1, 2, 6, 7, 9, 10, 0.110133, 0.119103, 0.160326, 0.160535, 0.105328, 0.114335, 0.150934, 0.1513, 0.105614, 0.114591, 0.151406, 0.15174
1, 2, 6, 7, 8, 11, 0.111978, 0.122062, 0.184583, 0.185307, 0.104255, 0.114445, 0.164412, 0.165501, 0.104032, 0.114241, 0.1635, 0.164621
1, 2, 6, 7, 8, 10, 0.118614, 0.128523, 0.193736, 0.194237, 0.111054, 0.121065, 0.173501, 0.174335, 0.111623, 0.121642, 0.173934, 0.174789
1, 2, 6, 7, 8, 9, 0.105815, 0.114952, 0.156643, 0.157078, 0.0993316, 0.108504, 0.144142, 0.144733, 0.0999118, 0.109052, 0.145304, 0.145851
1, 2, 5, 9, 10, 11, 0.102214, 0.113398, 0.165228, 0.166384, 0.0987329, 0.109943, 0.1555, 0.156844, 0.0991772, 0.110376, 0.156125, 0.157444
1, 2, 5, 8, 10, 11, 0.124713, 0.13594, 0.196751, 0.198283, 0.123257, 0.134486, 0.194063, 0.195606, 0.123338, 0.134565, 0.194189, 0.19573
1, 2, 5, 8, 9, 11, 0.10307, 0.113955, 0.175448, 0.176416, 0.09855, 0.109484, 0.157398, 0.158741, 0.0998246, 0.110739, 0.15999, 0.161252
1, 2, 5, 8, 9, 10, 0.106092, 0.11689, 0.168754, 0.169864, 0.104145, 0.114955, 0.16314, 0.164343, 0.104508, 0.11531, 0.163797, 0.164982
1, 2, 5, 7, 10, 11, 0.115107, 0.126501, 0.177017, 0.178476, 0.11538, 0.126775, 0.177453, 0.178902, 0.115121, 0.126515, 0.17696, 0.17841
1, 2, 5, 7, 9, 11, 0.10288, 0.113739, 0.164845, 0.165837, 0.100232, 0.111116, 0.156747, 0.157869, 0.100307, 0.111193, 0.156536, 0.157667
1, 2, 5, 7, 9, 10, 0.119764, 0.130256, 0.186988, 0.187723, 0.117952, 0.128456, 0.181644, 0.182447, 0.118453, 0.128948, 0.182316, 0.18311
1, 2, 5, 7, 8, 11, 0.111955, 0.123067, 0.172339, 0.173896, 0.112306, 0.123419, 0.172856, 0.174404, 0.111766, 0.122878, 0.17186, 0.173412
1, 2, 5, 7, 8, 10, 0.11628, 0.127274, 0.177631, 0.17896, 0.116519, 0.127513, 0.177894, 0.179217, 0.116297, 0.127289, 0.177497, 0.17882
1, 2, 5, 7, 8, 9, 0.112092, 0.122526, 0.179074, 0.179911, 0.109475, 0.119924, 0.171338, 0.17227, 0.109954, 0.1204, 0.171976, 0.172907
1, 2, 5, 6, 10, 11, 0.107893, 0.11818, 0.179264, 0.180091, 0.101689, 0.112084, 0.161364, 0.162577, 0.101821, 0.112224, 0.161016, 0.162246
1, 2, 5, 6, 9, 11, 0.0944079, 0.10403, 0.140489, 0.141244, 0.0898492, 0.0995469, 0.131721, 0.132714, 0.0901761, 0.0998239, 0.132331, 0.133241
1, 2, 5, 6, 9, 10, 0.103907, 0.113035, 0.152492, 0.153009, 0.100293, 0.109463, 0.145276, 0.145958, 0.100486, 0.10964, 0.145666, 0.146325
1, 2, 5, 6, 8, 11, 0.109748, 0.119831, 0.18562, 0.186488, 0.104451, 0.114647, 0.16723, 0.168524, 0.104045, 0.114257, 0.16616, 0.167477
1, 2, 5, 6, 8, 10, 0.111641, 0.121615, 0.185458, 0.186214, 0.106048, 0.116117, 0.167797, 0.168901, 0.106467, 0.116543, 0.168018, 0.169141
1, 2, 5, 6, 8, 9, 0.101758, 0.110969, 0.151982, 0.152647, 0.0952615, 0.104526, 0.139682, 0.140538, 0.0959419, 0.10518, 0.141063, 0.141868
1, 2, 5, 6, 7, 11, 0.108248, 0.118263, 0.177026, 0.177807, 0.104589, 0.114677, 0.164711, 0.165731, 0.104859, 0.11495, 0.16468, 0.165713
1, 2, 5, 6, 7, 10, 0.124208, 0.133833, 0.198902, 0.19946, 0.120978, 0.130636, 0.188525, 0.189229, 0.120698, 0.130365, 0.187601, 0.188328
1, 2, 5, 6, 7, 9, 0.131135, 0.139536, 0.199246, 0.199503, 0.124732, 0.133162, 0.185116, 0.185509, 0.124632, 0.133058, 0.184924, 0.185317
1, 2, 5, 6, 7, 8, 0.115764, 0.125413, 0.188242, 0.188959, 0.111331, 0.121024, 0.175237, 0.176133, 0.11114, 0.120839, 0.174336, 0.17526
1, 2, 4, 9, 10, 11, 0.103477, 0.114496, 0.1652, 0.166136, 0.100444, 0.111486, 0.156052, 0.157143, 0.100719, 0.111757, 0.156397, 0.157473
1, 2, 4, 8, 10, 11, 0.122129, 0.133395, 0.18935, 0.190764, 0.121132, 0.132399, 0.187571, 0.188992, 0.120954, 0.13222, 0.187187, 0.188608
1, 2, 4, 8, 9, 11, 0.10375, 0.114568, 0.173339, 0.174166, 0.0998347, 0.110702, 0.157101, 0.15826, 0.100598, 0.111457, 0.158845, 0.159952
1, 2, 4, 8, 9, 10, 0.107702, 0.118373, 0.17033, 0.17118, 0.105581, 0.116267, 0.16367, 0.164616, 0.105918, 0.1166, 0.164076, 0.165019
1, 2, 4, 7, 10, 11, 0.122344, 0.133627, 0.186913, 0.188079, 0.122627, 0.133909, 0.187287, 0.188444, 0.122286, 0.133568, 0.186709, 0.18787
1, 2, 4, 7, 9, 11, 0.106273, 0.116858, 0.171371, 0.171954, 0.102986, 0.113619, 0.160037, 0.160819, 0.103178, 0.11381, 0.159987, 0.16077
1, 2, 4, 7, 9, 10, 0.12335, 0.13346, 0.193669, 0.193979, 0.120824, 0.130962, 0.184879, 0.185317, 0.121137, 0.131272, 0.185023, 0.185465
1, 2, 4, 7, 8, 11, 0.117713, 0.128827, 0.180208, 0.181537, 0.117835, 0.128949, 0.180353, 0.181675, 0.117369, 0.128481, 0.179559, 0.180884
1, 2, 4, 7, 8, 10, 0.121907, 0.132802, 0.185091, 0.186145, 0.122154, 0.133048, 0.185401, 0.186447, 0.122032, 0.132925, 0.185064, 0.18611
1, 2, 4, 7, 8, 9, 0.115598, 0.125745, 0.186257, 0.186684, 0.112124, 0.122308, 0.174434, 0.175035, 0.11251, 0.122691, 0.174733, 0.175337
1, 2, 4, 6, 10, 11, 0.110849, 0.120901, 0.182923, 0.183407, 0.105282, 0.115466, 0.165397, 0.166304, 0.105344, 0.115537, 0.165043, 0.16597
1, 2, 4, 6, 9, 11, 0.0997798, 0.108901, 0.147783, 0.148051, 0.0942938, 0.103523, 0.137119, 0.137664, 0.0950812, 0.104263, 0.138709, 0.139159
1, 2, 4, 6, 9, 10, 0.107735, 0.116174, 0.156997, 0.156962, 0.10415, 0.112665, 0.149565, 0.149722, 0.104677, 0.113148, 0.150568, 0.150657
1, 2, 4, 6, 8, 11, 0.111456, 0.121408, 0.186774, 0.187374, 0.106514, 0.116604, 0.169054, 0.170105, 0.106365, 0.116469, 0.168415, 0.169493
1, 2, 4, 6, 8, 10, 0.114003, 0.123762, 0.187612, 0.188065, 0.108702, 0.118569, 0.170405, 0.171227, 0.108716, 0.118593, 0.169939, 0.170785
1, 2, 4, 6, 8, 9, 0.105642, 0.114307, 0.156527, 0.156701, 0.0990809, 0.107838, 0.144032, 0.144432, 0.0998152, 0.108531, 0.145534, 0.145857
1, 2, 4, 6, 7, 11, 0.112189, 0.121897, 0.182122, 0.182522, 0.109003, 0.118799, 0.170281, 0.170933, 0.108857, 0.118665, 0.169603, 0.17028
1, 2, 4, 6, 7, 10, 0.129222, 0.138387, 0.206197, 0.20631, 0.12593, 0.135149, 0.195097, 0.195386, 0.125588, 0.134818, 0.194124, 0.194437
1, 2, 4, 6, 7, 9, 0.134959, 0.142494, 0.204061, 0.203711, 0.129384, 0.136971, 0.191097, 0.190884, 0.129569, 0.137104, 0.191625, 0.191369
1, 2, 4, 6, 7, 8, 0.119565, 0.128819, 0.19361, 0.193929, 0.115063, 0.124385, 0.179765, 0.180298, 0.115553, 0.124875, 0.180299, 0.180841
1, 2, 4, 5, 10, 11, 0.126799, 0.138034, 0.196873, 0.198151, 0.127475, 0.13871, 0.197625, 0.198893, 0.127341, 0.138575, 0.197422, 0.198691
1, 2, 4, 5, 9, 11, 0.106602, 0.117135, 0.177291, 0.177898, 0.103325, 0.113928, 0.163501, 0.164407, 0.103582, 0.114184, 0.163582, 0.164483
1, 2, 4, 5, 9, 10, 0.120012, 0.130098, 0.192561, 0.192984, 0.117567, 0.127693, 0.182605, 0.18321, 0.117681, 0.127806, 0.182301, 0.182917
1, 2, 4, 5, 8, 11, 0.165357, 0.17614, 0.251725, 0.252788, 0.165385, 0.176171, 0.251869, 0.252933, 0.166478, 0.177257, 0.252859, 0.253911
1, 2, 4, 5, 8, 10, 0.130083, 0.140914, 0.201566, 0.202686, 0.13039, 0.141221, 0.20182, 0.202932, 0.130255, 0.141085, 0.201567, 0.202679
1, 2, 4, 5, 8, 9, 0.114415, 0.124487, 0.189216, 0.189678, 0.111166, 0.121289, 0.175886, 0.176597, 0.111384, 0.121504, 0.175687, 0.176405
1, 2, 4, 5, 7, 11, 0.12183, 0.132822, 0.187278, 0.18843, 0.122668, 0.13366, 0.188492, 0.189631, 0.12215, 0.133141, 0.187667, 0.18881
1, 2, 4, 5, 7, 10, 0.15289, 0.163005, 0.231626, 0.232271, 0.153263, 0.163377, 0.232162, 0.2328, 0.152614, 0.162727, 0.231098, 0.231739
1, 2, 4, 5, 7, 9, 0.152193, 0.161464, 0.247544, 0.247496, 0.148856, 0.158207, 0.233108, 0.233326, 0.149002, 0.158358, 0.23268, 0.232926
1, 2, 4, 5, 7, 8, 0.125834, 0.136338, 0.192548, 0.193532, 0.125993, 0.136497, 0.192688, 0.193662, 0.125843, 0.136346, 0.192358, 0.193331
1, 2, 4, 5, 6, 11, 0.113517, 0.123283, 0.188222, 0.188769, 0.110033, 0.119906, 0.175107, 0.175972, 0.10979, 0.119668, 0.174288, 0.175171
1, 2, 4, 5, 6, 10, 0.124578, 0.133848, 0.201736, 0.202067, 0.121353, 0.130683, 0.190288, 0.190834, 0.121484, 0.130815, 0.190165, 0.190723
1, 2, 4, 5, 6, 9, 0.18309, 0.190714, 0.294127, 0.294119, 0.161653, 0.16936, 0.249875, 0.249998, 0.161809, 0.169497, 0.250824, 0.250935
1, 2, 4, 5, 6, 8, 0.120609, 0.129949, 0.198792, 0.199254, 0.116746, 0.126164, 0.185477, 0.186196, 0.116869, 0.12629, 0.185391, 0.186125
1, 2, 4, 5, 6, 7, 0.149001, 0.157509, 0.243248, 0.243286, 0.145531, 0.154097, 0.230764, 0.230993, 0.146288, 0.154854, 0.231969, 0.232212
1, 2, 3, 9, 10, 11, 0.104099, 0.114688, 0.160531, 0.161422, 0.101315, 0.111906, 0.155491, 0.156441, 0.101286, 0.111873, 0.15545, 0.156397
1, 2, 3, 8, 10, 11, 0.10492, 0.115844, 0.16196, 0.163397, 0.103884, 0.114809, 0.15873, 0.160211, 0.10413, 0.115056, 0.159594, 0.161082
1, 2, 3, 8, 9, 11, 0.102959, 0.113481, 0.160599, 0.161657, 0.101341, 0.111858, 0.157467, 0.158558, 0.101611, 0.11213, 0.157866, 0.15896
1, 2, 3, 8, 9, 10, 0.105603, 0.115829, 0.16246, 0.163257, 0.103991, 0.11422, 0.158811, 0.159654, 0.104108, 0.11434, 0.159032, 0.159876
1, 2, 3, 7, 10, 11, 0.111221, 0.12214, 0.169817, 0.170949, 0.111739, 0.122663, 0.169641, 0.170789, 0.111428, 0.122353, 0.169392, 0.170548
1, 2, 3, 7, 9, 11, 0.100728, 0.110849, 0.153812, 0.1545, 0.0998247, 0.109956, 0.151773, 0.152498, 0.0999278, 0.110058, 0.151944, 0.152666
1, 2, 3, 7, 9, 10, 0.117032, 0.126572, 0.176126, 0.176451, 0.115853, 0.125398, 0.173814, 0.174158, 0.116339, 0.125876, 0.174635, 0.174968
1, 2, 3, 7, 8, 11, 0.107749, 0.11853, 0.164893, 0.166208, 0.107482, 0.118264, 0.163438, 0.164772, 0.107031, 0.117816, 0.163065, 0.16441
1, 2, 3, 7, 8, 10, 0.112623, 0.123192, 0.171637, 0.172649, 0.112016, 0.122589, 0.169568, 0.170596, 0.112026, 0.122601, 0.169853, 0.170888
1, 2, 3, 7, 8, 9, 0.108316, 0.117922, 0.16575, 0.166288, 0.106724, 0.116334, 0.162278, 0.162838, 0.106884, 0.116495, 0.162578, 0.163137
1, 2, 3, 6, 10, 11, 0.108871, 0.118727, 0.168374, 0.169146, 0.105456, 0.115336, 0.161343, 0.162238, 0.105547, 0.115425, 0.161701, 0.162591
1, 2, 3, 6, 9, 11, 0.110228, 0.118822, 0.16706, 0.166822, 0.106078, 0.114732, 0.159118, 0.159047, 0.106974, 0.1156, 0.161163, 0.161036
1, 2, 3, 6, 9, 10, 0.112646, 0.120319, 0.163613, 0.163138, 0.109531, 0.117251, 0.157921, 0.157574, 0.109892, 0.117604, 0.158635, 0.158269
1, 2, 3, 6, 8, 11, 0.108863, 0.118726, 0.169723, 0.170743, 0.106496, 0.116356, 0.164853, 0.165918, 0.106546, 0.116416, 0.165237, 0.166311
1, 2, 3, 6, 8, 10, 0.110344, 0.11986, 0.17045, 0.171138, 0.10704, 0.116585, 0.163162, 0.163971, 0.10767, 0.11721, 0.164504, 0.16531
1, 2, 3, 6, 8, 9, 0.106899, 0.114989, 0.158491, 0.158254, 0.103177, 0.111311, 0.151693, 0.15158, 0.103682, 0.111801, 0.152702, 0.152567
1, 2, 3, 6, 7, 11, 0.108248, 0.117607, 0.165629, 0.166198, 0.106655, 0.116041, 0.162027, 0.162671, 0.106602, 0.115983, 0.1622, 0.162833
1, 2, 3, 6, 7, 10, 0.124738, 0.133445, 0.189379, 0.189575, 0.12251, 0.13123, 0.18475, 0.18498, 0.122943, 0.131654, 0.185727, 0.185953
1, 2, 3, 6, 7, 9, 0.126774, 0.133325, 0.185241, 0.184552, 0.124762, 0.131347, 0.180961, 0.180364, 0.124912, 0.131495, 0.181237, 0.180641
1, 2, 3, 6, 7, 8, 0.114334, 0.123282, 0.175426, 0.175897, 0.111429, 0.120392, 0.169377, 0.169895, 0.111525, 0.120475, 0.169927, 0.170431
1, 2, 3, 5, 10, 11, 0.102989, 0.11392, 0.157915, 0.159358, 0.103177, 0.114114, 0.157215, 0.158679, 0.102902, 0.113842, 0.157207, 0.15868
1, 2, 3, 5, 9, 11, 0.101181, 0.111393, 0.15722, 0.158146, 0.100434, 0.110651, 0.155496, 0.156451, 0.100523, 0.110743, 0.155639, 0.156595
1, 2, 3, 5, 9, 10, 0.11287, 0.122468, 0.172205, 0.172789, 0.111777, 0.121378, 0.169873, 0.17048, 0.111865, 0.121466, 0.170045, 0.170652
1, 2, 3, 5, 8, 11, 0.118772, 0.129366, 0.182101, 0.183543, 0.119081, 0.129682, 0.182157, 0.183621, 0.117488, 0.128088, 0.179604, 0.181082
1, 2, 3, 5, 8, 10, 0.107239, 0.117822, 0.16428, 0.165579, 0.106618, 0.117206, 0.162239, 0.16356, 0.106568, 0.117158, 0.162246, 0.163578
1, 2, 3, 5, 8, 9, 0.106307, 0.116033, 0.165356, 0.166109, 0.104966, 0.114694, 0.162246, 0.163027, 0.105005, 0.114743, 0.162317, 0.163109
1, 2, 3, 5, 7, 11, 0.105718, 0.116406, 0.161844, 0.163076, 0.106039, 0.116736, 0.161585, 0.162833, 0.105685, 0.116385, 0.161379, 0.162636
1, 2, 3, 5, 7, 10, 0.125389, 0.135492, 0.189946, 0.190752, 0.124902, 0.135009, 0.188567, 0.189382, 0.124408, 0.134517, 0.188073, 0.188892
1, 2, 3, 5, 7, 9, 0.132578, 0.141425, 0.203567, 0.203821, 0.132428, 0.141274, 0.202444, 0.202723, 0.133163, 0.142008, 0.203744, 0.204021
1, 2, 3, 5, 7, 8, 0.113032, 0.123267, 0.173357, 0.174406, 0.112089, 0.12233, 0.170816, 0.171883, 0.111788, 0.122032, 0.170847, 0.171924
1, 2, 3, 5, 6, 11, 0.107771, 0.117361, 0.167528, 0.168436, 0.105848, 0.115459, 0.16348, 0.16445, 0.105768, 0.115381, 0.163661, 0.16463
1, 2, 3, 5, 6, 10, 0.117855, 0.126811, 0.180494, 0.18104, 0.115458, 0.124427, 0.175526, 0.176114, 0.115719, 0.124676, 0.17626, 0.17684
1, 2, 3, 5, 6, 9, 0.157525, 0.164458, 0.242878, 0.242651, 0.147501, 0.154504, 0.22325, 0.223123, 0.147946, 0.154932, 0.224153, 0.224009
1, 2, 3, 5, 6, 8, 0.114461, 0.123575, 0.177957, 0.178708, 0.111548, 0.120677, 0.171912, 0.172722, 0.111407, 0.120534, 0.17209, 0.172898
1, 2, 3, 5, 6, 7, 0.135678, 0.143797, 0.210522, 0.210747, 0.133302, 0.141432, 0.205264, 0.20553, 0.133255, 0.141401, 0.205268, 0.205545
1, 2, 3, 4, 10, 11, 0.108816, 0.119585, 0.166284, 0.167409, 0.109516, 0.120292, 0.166382, 0.167519, 0.109462, 0.12024, 0.166691, 0.167835
1, 2, 3, 4, 9, 11, 0.105309, 0.115106, 0.162513, 0.163015, 0.104137, 0.113942, 0.15984, 0.160373, 0.104134, 0.113949, 0.159799, 0.160344
1, 2, 3, 4, 9, 10, 0.117071, 0.12612, 0.177531, 0.177615, 0.11592, 0.124972, 0.174956, 0.17506, 0.115989, 0.125043, 0.175084, 0.17519
1, 2, 3, 4, 8, 11, 0.120556, 0.13112, 0.184317, 0.185552, 0.121043, 0.131611, 0.18462, 0.18587, 0.119305, 0.129873, 0.182129, 0.183393
1, 2, 3, 4, 8, 10, 0.111907, 0.122327, 0.170817, 0.171811, 0.111646, 0.122071, 0.16932, 0.170326, 0.111625, 0.122053, 0.169489, 0.170504
1, 2, 3, 4, 8, 9, 0.110097, 0.119356, 0.170008, 0.170314, 0.108658, 0.117922, 0.166569, 0.166903, 0.109148, 0.118404, 0.167689, 0.16801
1, 2, 3, 4, 7, 11, 0.112629, 0.123084, 0.171442, 0.172318, 0.113525, 0.12399, 0.171998, 0.172886, 0.113031, 0.123498, 0.171601, 0.172498
1, 2, 3, 4, 7, 10, 0.13505, 0.144672, 0.202998, 0.203352, 0.134961, 0.144588, 0.202502, 0.202856, 0.134992, 0.144619, 0.202512, 0.202868
1, 2, 3, 4, 7, 9, 0.138773, 0.14681, 0.212111, 0.211794, 0.138698, 0.146734, 0.210832, 0.210544, 0.139512, 0.147549, 0.212265, 0.211983
1, 2, 3, 4, 7, 8, 0.1187, 0.128676, 0.181068, 0.181767, 0.118118, 0.128102, 0.17905, 0.17976, 0.117724, 0.127709, 0.178944, 0.179663
1, 2, 3, 4, 6, 11, 0.112029, 0.121152, 0.173039, 0.173486, 0.109933, 0.119081, 0.168575, 0.169091, 0.109835, 0.118982, 0.168661, 0.169174
1, 2, 3, 4, 6, 10, 0.123801, 0.132092, 0.188261, 0.188276, 0.121551, 0.129857, 0.183494, 0.183546, 0.121647, 0.129945, 0.184116, 0.184163
1, 2, 3, 4, 6, 9, 0.195288, 0.200475, 0.304908, 0.303918, 0.17544, 0.180723, 0.268492, 0.267544, 0.175783, 0.181057, 0.26913, 0.268169
1, 2, 3, 4, 6, 8, 0.1179, 0.126503, 0.182182, 0.182472, 0.115061, 0.123685, 0.176205, 0.176557, 0.114966, 0.123586, 0.176378, 0.176727
1, 2, 3, 4, 6, 7, 0.142376, 0.149619, 0.219813, 0.219445, 0.139853, 0.147108, 0.214085, 0.213753, 0.140596, 0.147841, 0.21589, 0.21556
1, 2, 3, 4, 5, 11, 0.125144, 0.135637, 0.191026, 0.192102, 0.125516, 0.13602, 0.191458, 0.192547, 0.124105, 0.134607, 0.189316, 0.190416
1, 2, 3, 4, 5, 10, 0.128597, 0.138366, 0.194604, 0.195283, 0.128657, 0.138432, 0.19396, 0.194647, 0.127745, 0.137522, 0.192738, 0.193435
1, 2, 3, 4, 5, 9, 0.154766, 0.162945, 0.244909, 0.244847, 0.154511, 0.162692, 0.24274, 0.242728, 0.154746, 0.162931, 0.243689, 0.243679
1, 2, 3, 4, 5, 8, 0.134032, 0.144117, 0.203708, 0.204598, 0.133564, 0.143657, 0.202624, 0.20353, 0.132549, 0.142642, 0.201137, 0.202052
1, 2, 3, 4, 5, 7, 0.143701, 0.152788, 0.220988, 0.221332, 0.143715, 0.152806, 0.220236, 0.220601, 0.143374, 0.152468, 0.219767, 0.220139
1, 2, 3, 4, 5, 6, 0.167877, 0.17534, 0.267317, 0.267241, 0.165097, 0.172583, 0.259988, 0.259976, 0.165894, 0.173362, 0.262702, 0.26268
0, 7, 8, 9, 10, 11, 0.11736, 0.128754, 0.183735, 0.1849, 0.0981936, 0.109545, 0.150273, 0.151638, 0.098225, 0.109577, 0.150395, 0.151759
0, 6, 8, 9, 10, 11, 0.11606, 0.126427, 0.173906, 0.174967, 0.0934001, 0.103737, 0.135334, 0.136606, 0.0942498, 0.104592, 0.137805, 0.139051
0, 6, 7, 9, 10, 11, 0.116829, 0.1269, 0.172669, 0.173367, 0.0970943, 0.107108, 0.138578, 0.139404, 0.0973222, 0.107349, 0.139101, 0.139932
0, 6, 7, 8, 10, 11, 0.122731, 0.133199, 0.19203, 0.193054, 0.1039, 0.114333, 0.159856, 0.161045, 0.103831, 0.114272, 0.159955, 0.161147
0, 6, 7, 8, 9, 11, 0.108466, 0.118632, 0.1621, 0.163034, 0.0931146, 0.103214, 0.134075, 0.135151, 0.0929513, 0.103063, 0.134185, 0.135263
0, 6, 7, 8, 9, 10, 0.11618, 0.126153, 0.172001, 0.17266, 0.100884, 0.110814, 0.144393, 0.145217, 0.101969, 0.111905, 0.147282, 0.148071
0, 5, 8, 9, 10, 11, 0.105068, 0.116599, 0.163771, 0.165295, 0.0950181, 0.106517, 0.147157, 0.148838, 0.0950639, 0.106564, 0.147233, 0.148914
0, 5, 7, 9, 10, 11, 0.107136, 0.118682, 0.164164, 0.165477, 0.0990891, 0.110613, 0.150405, 0.151824, 0.0994065, 0.110928, 0.150985, 0.152397
0, 5, 7, 8, 10, 11, 0.117303, 0.128869, 0.177827, 0.179426, 0.107988, 0.11955, 0.165172, 0.16684, 0.10758, 0.119142, 0.164326, 0.165998
0, 5, 7, 8, 9, 11, 0.101238, 0.11259, 0.157109, 0.158539, 0.0962475, 0.107581, 0.14756, 0.14907, 0.0965035, 0.107838, 0.148087, 0.149594
0, 5, 7, 8, 9, 10, 0.110354, 0.121639, 0.169596, 0.17083, 0.104742, 0.116014, 0.159602, 0.160923, 0.105305, 0.116573, 0.160593, 0.1619
0, 5, 6, 9, 10, 11, 0.0996516, 0.110219, 0.146279, 0.147496, 0.0882757, 0.0988097, 0.126093, 0.127485, 0.0885164, 0.0990602, 0.126706, 0.128098
0, 5, 6, 8, 10, 11, 0.110513, 0.121248, 0.172011, 0.173457, 0.0983219, 0.109038, 0.152726, 0.154336, 0.0983788, 0.109097, 0.152854, 0.154467
0, 5, 6, 8, 9, 11, 0.0952433, 0.105742, 0.141341, 0.142727, 0.0867846, 0.0972394, 0.125301, 0.126842, 0.0870085, 0.0974819, 0.126, 0.127545
0, 5, 6, 8, 9, 10, 0.101077, 0.111397, 0.148921, 0.150061, 0.0919545, 0.102252, 0.131775, 0.133101, 0.0922497, 0.102556, 0.132475, 0.133796
0, 5, 6, 7, 10, 11, 0.111595, 0.122293, 0.172085, 0.173271, 0.102783, 0.113455, 0.157369, 0.158649, 0.103126, 0.113806, 0.15803, 0.159312
0, 5, 6, 7, 9, 11, 0.0992172, 0.109475, 0.146085, 0.14706, 0.0919176, 0.102154, 0.131276, 0.132402, 0.0920741, 0.10232, 0.131751, 0.13288
0, 5, 6, 7, 9, 10, 0.112688, 0.122515, 0.164981, 0.165608, 0.105331, 0.115152, 0.150084, 0.150884, 0.105557, 0.115367, 0.151007, 0.151781
0, 5, 6, 7, 8, 11, 0.106849, 0.117424, 0.166634, 0.167993, 0.100716, 0.111275, 0.155416, 0.156864, 0.101039, 0.111602, 0.156101, 0.157545
0, 5, 6, 7, 8, 10, 0.114277, 0.124746, 0.176992, 0.178134, 0.107679, 0.118137, 0.165164, 0.166383, 0.107826, 0.118286, 0.165532, 0.166754
0, 5, 6, 7, 8, 9, 0.109554, 0.119513, 0.163518, 0.164377, 0.100032, 0.109977, 0.14451, 0.14554, 0.100463, 0.110414, 0.145344, 0.146373
0, 4, 8, 9, 10, 11, 0.103406, 0.114729, 0.160153, 0.161499, 0.0951825, 0.106462, 0.146257, 0.147676, 0.0951814, 0.106465, 0.146275, 0.147698
0, 4, 7, 9, 10, 11, 0.106802, 0.11803, 0.162711, 0.163759, 0.0998362, 0.111035, 0.150937, 0.152022, 0.100082, 0.111278, 0.151402, 0.152481
0, 4, 7, 8, 10, 11, 0.119411, 0.130838, 0.181159, 0.182529, 0.111119, 0.122536, 0.169769, 0.171186, 0.110734, 0.122151, 0.169018, 0.17044
0, 4, 7, 8, 9, 11, 0.100856, 0.111988, 0.155701, 0.156911, 0.0967033, 0.107812, 0.147683, 0.148926, 0.0969047, 0.108014, 0.148102, 0.149343
0, 4, 7, 8, 9, 10, 0.109994, 0.120993, 0.168053, 0.169037, 0.105684, 0.116666, 0.160198, 0.161212, 0.106246, 0.117223, 0.161177, 0.162177
0, 4, 6, 9, 10, 11, 0.0989273, 0.108966, 0.144374, 0.145213, 0.0890879, 0.0990719, 0.126629, 0.127551, 0.0892129, 0.0992123, 0.126907, 0.127842
0, 4, 6, 8, 10, 11, 0.109408, 0.119893, 0.169831, 0.171057, 0.0988071, 0.109258, 0.152579, 0.153893, 0.0987551, 0.109218, 0.152624, 0.153949
0, 4, 6, 8, 9, 11, 0.0948423, 0.104924, 0.139892, 0.140953, 0.0874705, 0.0974979, 0.12565, 0.1268, 0.0875784, 0.0976205, 0.125922, 0.127084
0, 4, 6, 8, 9, 10, 0.100493, 0.110347, 0.147102, 0.147901, 0.0927918, 0.102604, 0.132239, 0.133145, 0.0929122, 0.10274, 0.132533, 0.133451
0, 4, 6, 7, 10, 11, 0.112079, 0.122389, 0.172124, 0.172987, 0.105072, 0.115367, 0.160094, 0.161001, 0.105211, 0.115507, 0.160434, 0.161339
0, 4, 6, 7, 9, 11, 0.0993738, 0.109096, 0.14527, 0.145841, 0.0927563, 0.102456, 0.131962, 0.132634, 0.093086, 0.102793, 0.132559, 0.133233
0, 4, 6, 7, 9, 10, 0.112859, 0.122062, 0.164026, 0.164226, 0.106422, 0.115608, 0.150925, 0.151237, 0.106411, 0.11561, 0.150934, 0.151259
0, 4, 6, 7, 8, 11, 0.10697, 0.117269, 0.166016, 0.167114, 0.102124, 0.11241, 0.156752, 0.157898, 0.102154, 0.112444, 0.157038, 0.158184
0, 4, 6, 7, 8, 10, 0.114699, 0.124817, 0.176686, 0.17752, 0.109296, 0.119409, 0.166725, 0.167598, 0.10932, 0.119437, 0.16689, 0.167767
0, 4, 6, 7, 8, 9, 0.109073, 0.118542, 0.161364, 0.161877, 0.100491, 0.109939, 0.144316, 0.144944, 0.100627, 0.110086, 0.1446, 0.145238
0, 4, 5, 9, 10, 11, 0.0996765, 0.111068, 0.153654, 0.155032, 0.0981131, 0.10949, 0.150894, 0.152268, 0.0981347, 0.109515, 0.150918, 0.152295
0, 4, 5, 8, 10, 11, 0.120861, 0.132228, 0.188391, 0.189914, 0.119246, 0.130611, 0.185552, 0.187075, 0.119138, 0.130502, 0.185292, 0.186816
0, 4, 5, 8, 9, 11, 0.0973481, 0.108526, 0.151814, 0.153276, 0.0975443, 0.108708, 0.151592, 0.153026, 0.0974299, 0.108599, 0.151371, 0.152812
0, 4, 5, 8, 9, 10, 0.104184, 0.115275, 0.160954, 0.162222, 0.103302, 0.114385, 0.158957, 0.160211, 0.10337, 0.114454, 0.159076, 0.160331
0, 4, 5, 7, 10, 11, 0.115295, 0.126849, 0.177, 0.1784, 0.11561, 0.127161, 0.177378, 0.178755, 0.115102, 0.126652, 0.176618, 0.177998
0, 4, 5, 7, 9, 11, 0.102514, 0.113621, 0.157888, 0.159027, 0.101756, 0.112862, 0.155814, 0.156941, 0.102061, 0.113165, 0.156374, 0.157494
0, 4, 5, 7, 9, 10, 0.118848, 0.129613, 0.180985, 0.181836, 0.118101, 0.128864, 0.179254, 0.180091, 0.118449, 0.129209, 0.179913, 0.180742
0, 4, 5, 7, 8, 11, 0.111991, 0.123243, 0.171687, 0.173189, 0.1128, 0.124049, 0.172886, 0.174362, 0.112288, 0.123536, 0.171972, 0.173449
0, 4, 5, 7, 8, 10, 0.116284, 0.127524, 0.17762, 0.17893, 0.116918, 0.128156, 0.178356, 0.179635, 0.116931, 0.128165, 0.178336, 0.17961
0, 4, 5, 7, 8, 9, 0.111012, 0.121762, 0.171966, 0.172981, 0.109996, 0.120744, 0.169225, 0.170222, 0.110593, 0.121338, 0.170388, 0.171374
0, 4, 5, 6, 10, 11, 0.104643, 0.115255, 0.16238, 0.163657, 0.101768, 0.112371, 0.15743, 0.158723, 0.101799, 0.112403, 0.157537, 0.158831
0, 4, 5, 6, 9, 11, 0.095986, 0.106015, 0.141935, 0.142887, 0.0915835, 0.101597, 0.132832, 0.133879, 0.0915825, 0.101609, 0.13291, 0.13397
0, 4, 5, 6, 9, 10, 0.106981, 0.116514, 0.15663, 0.157245, 0.102481, 0.112002, 0.147325, 0.148052, 0.102393, 0.111925, 0.147235, 0.147975
0, 4, 5, 6, 8, 11, 0.105311, 0.115767, 0.16496, 0.166364, 0.104576, 0.115024, 0.163182, 0.164583, 0.104032, 0.114485, 0.162506, 0.163914
0, 4, 5, 6, 8, 10, 0.108823, 0.119161, 0.169379, 0.170575, 0.106372, 0.116706, 0.164548, 0.165752, 0.106328, 0.116666, 0.164551, 0.165758
0, 4, 5, 6, 8, 9, 0.105522, 0.115208, 0.157291, 0.158139, 0.0982445, 0.10791, 0.142866, 0.14382, 0.0984026, 0.108081, 0.143258, 0.144227
0, 4, 5, 6, 7, 11, 0.107548, 0.117884, 0.166517, 0.167589, 0.106202, 0.116532, 0.163499, 0.164561, 0.107335, 0.117652, 0.165536, 0.166567
0, 4, 5, 6, 7, 10, 0.124292, 0.134205, 0.191483, 0.192218, 0.122718, 0.132628, 0.187883, 0.188606, 0.123057, 0.132962, 0.188793, 0.189511
0, 4, 5, 6, 7, 9, 0.135278, 0.144226, 0.206316, 0.206649, 0.125584, 0.134518, 0.186155, 0.186622, 0.125515, 0.134461, 0.186131, 0.18661
0, 4, 5, 6, 7, 8, 0.115279, 0.125286, 0.179673, 0.180658, 0.112669, 0.12267, 0.174024, 0.174997, 0.113435, 0.123433, 0.175586, 0.176546
0, 3, 8, 9, 10, 11, 0.11212, 0.122904, 0.172023, 0.173106, 0.100137, 0.110901, 0.153152, 0.154348, 0.100238, 0.111003, 0.153346, 0.154543
0, 3, 7, 9, 10, 11, 0.114023, 0.124606, 0.172317, 0.173075, 0.103282, 0.113851, 0.155165, 0.156, 0.103547, 0.114113, 0.15576, 0.156586
0, 3, 7, 8, 10, 11, 0.11709, 0.127956, 0.17785, 0.179011, 0.10959, 0.120451, 0.165771, 0.167007, 0.109231, 0.120091, 0.165777, 0.167015
0, 3, 7, 8, 9, 11, 0.106389, 0.116914, 0.162805, 0.163733, 0.0993676, 0.10988, 0.150772, 0.151771, 0.0996688, 0.110183, 0.151412, 0.152406
0, 3, 7, 8, 9, 10, 0.114652, 0.12503, 0.17367, 0.174364, 0.108245, 0.118614, 0.162889, 0.163642, 0.108347, 0.118714, 0.163112, 0.16386
0, 3, 6, 9, 10, 11, 0.107402, 0.116665, 0.155345, 0.155889, 0.0986467, 0.107884, 0.140933, 0.141517, 0.0986301, 0.107877, 0.140899, 0.141494
0, 3, 6, 8, 10, 11, 0.115892, 0.125901, 0.178036, 0.179071, 0.104013, 0.114001, 0.158745, 0.159876, 0.10406, 0.114055, 0.158994, 0.160131
0, 3, 6, 8, 9, 11, 0.101845, 0.111313, 0.148335, 0.149194, 0.0956264, 0.105066, 0.137866, 0.138772, 0.0958356, 0.105285, 0.138204, 0.139118
0, 3, 6, 8, 9, 10, 0.105143, 0.114233, 0.151563, 0.152069, 0.099549, 0.108621, 0.141808, 0.142361, 0.099734, 0.108817, 0.142084, 0.142646
0, 3, 6, 7, 10, 11, 0.117286, 0.127016, 0.178452, 0.179093, 0.110375, 0.120068, 0.166492, 0.167164, 0.11039, 0.120092, 0.166789, 0.167462
0, 3, 6, 7, 9, 11, 0.102797, 0.111599, 0.147306, 0.147522, 0.0981004, 0.106884, 0.139063, 0.13932, 0.0979952, 0.106768, 0.138878, 0.139122
0, 3, 6, 7, 9, 10, 0.116169, 0.124422, 0.165896, 0.165732, 0.111941, 0.120176, 0.158091, 0.157961, 0.11209, 0.120335, 0.158351, 0.158229
0, 3, 6, 7, 8, 11, 0.11144, 0.121169, 0.170853, 0.171712, 0.105598, 0.115287, 0.160363, 0.161256, 0.105618, 0.115333, 0.160673, 0.161581
0, 3, 6, 7, 8, 10, 0.117843, 0.127412, 0.179499, 0.180113, 0.112251, 0.121789, 0.169078, 0.169716, 0.11237, 0.121924, 0.169418, 0.170065
0, 3, 6, 7, 8, 9, 0.10927, 0.117863, 0.15788, 0.158051, 0.104262, 0.11283, 0.148804, 0.149005, 0.104283, 0.112862, 0.148846, 0.149059
0, 3, 5, 9, 10, 11, 0.102678, 0.113577, 0.156767, 0.157938, 0.09813, 0.10902, 0.149439, 0.150668, 0.0983293, 0.10922, 0.14982, 0.151046
0, 3, 5, 8, 10, 11, 0.101936, 0.11291, 0.155872, 0.157484, 0.100279, 0.111247, 0.152231, 0.153868, 0.0998834, 0.110852, 0.151916, 0.153557
0, 3, 5, 8, 9, 11, 0.09989, 0.110612, 0.154383, 0.155665, 0.0977742, 0.108485, 0.150597, 0.15191, 0.0979167, 0.108634, 0.150801, 0.152118
0, 3, 5, 8, 9, 10, 0.10542, 0.116037, 0.16141, 0.162482, 0.102702, 0.113312, 0.156484, 0.157591, 0.102892, 0.113503, 0.156778, 0.157884
0, 3, 