5, 6, 7, 8, 9, 10, 11, 0.173081, 0.184145, 0.281103, 0.28188, 0.132207, 0.143204, 0.21212, 0.213076, 0.131635, 0.142631, 0.211253, 0.212204
4, 6, 7, 8, 9, 10, 11, 0.154834, 0.165325, 0.249936, 0.250548, 0.117967, 0.128372, 0.185205, 0.185925, 0.117354, 0.127757, 0.184012, 0.184731
4, 5, 7, 8, 9, 10, 11, 0.166952, 0.179109, 0.310461, 0.311263, 0.149821, 0.16191, 0.283666, 0.284479, 0.123758, 0.135836, 0.199715, 0.200817
4, 5, 6, 8, 9, 10, 11, 0.129392, 0.140656, 0.20954, 0.210653, 0.108422, 0.119621, 0.17096, 0.172224, 0.107512, 0.118713, 0.168984, 0.170259
4, 5, 6, 7, 9, 10, 11, 0.137856, 0.148932, 0.220146, 0.220903, 0.117558, 0.128591, 0.182155, 0.183066, 0.116723, 0.12776, 0.180085, 0.181014
4, 5, 6, 7, 8, 10, 11, 0.162857, 0.17391, 0.278897, 0.279736, 0.142646, 0.153643, 0.252602, 0.253462, 0.129077, 0.140073, 0.209849, 0.210869
4, 5, 6, 7, 8, 9, 11, 0.136316, 0.14746, 0.224356, 0.225238, 0.118303, 0.129405, 0.186387, 0.187423, 0.117712, 0.128815, 0.185256, 0.186298
4, 5, 6, 7, 8, 9, 10, 0.14238, 0.15329, 0.229006, 0.229646, 0.121357, 0.132238, 0.187871, 0.188716, 0.120181, 0.131071, 0.18476, 0.185633
3, 6, 7, 8, 9, 10, 11, 0.141534, 0.150859, 0.216663, 0.217194, 0.118012, 0.127274, 0.182626, 0.183184, 0.117449, 0.126724, 0.180734, 0.181302
3, 5, 7, 8, 9, 10, 11, 0.128576, 0.139919, 0.202037, 0.20305, 0.113697, 0.124994, 0.182974, 0.184054, 0.112919, 0.124216, 0.180939, 0.182027
3, 5, 6, 8, 9, 10, 11, 0.117936, 0.128401, 0.180998, 0.182119, 0.101746, 0.112164, 0.157787, 0.159002, 0.10122, 0.111641, 0.156172, 0.157395
3, 5, 6, 7, 9, 10, 11, 0.124734, 0.135148, 0.189568, 0.190341, 0.109849, 0.120219, 0.167503, 0.168354, 0.109446, 0.119822, 0.166275, 0.167135
3, 5, 6, 7, 8, 10, 11, 0.13677, 0.147006, 0.215109, 0.216045, 0.117678, 0.127868, 0.188557, 0.18957, 0.116695, 0.12691, 0.186216, 0.187264
3, 5, 6, 7, 8, 9, 11, 0.116812, 0.127195, 0.180619, 0.181602, 0.10635, 0.116684, 0.163672, 0.164724, 0.105762, 0.116106, 0.162124, 0.163192
3, 5, 6, 7, 8, 9, 10, 0.128061, 0.138372, 0.196297, 0.19697, 0.115651, 0.125931, 0.177062, 0.17782, 0.115132, 0.125418, 0.175323, 0.176095
3, 4, 7, 8, 9, 10, 11, 0.127397, 0.138318, 0.200037, 0.200812, 0.113357, 0.124218, 0.182361, 0.183127, 0.112626, 0.12349, 0.18044, 0.181213
3, 4, 6, 8, 9, 10, 11, 0.116262, 0.126226, 0.177695, 0.178541, 0.100751, 0.110639, 0.155317, 0.156171, 0.100255, 0.110154, 0.153896, 0.154763
3, 4, 6, 7, 9, 10, 11, 0.12305, 0.132846, 0.185954, 0.186382, 0.108338, 0.118076, 0.164159, 0.16459, 0.107927, 0.117673, 0.162935, 0.163378
3, 4, 6, 7, 8, 10, 11, 0.136336, 0.146118, 0.213936, 0.214614, 0.118448, 0.128181, 0.188872, 0.189561, 0.117509, 0.127254, 0.186766, 0.187473
3, 4, 6, 7, 8, 9, 11, 0.115293, 0.125173, 0.177295, 0.177987, 0.104609, 0.114432, 0.160115, 0.160823, 0.104068, 0.1139, 0.158558, 0.159282
3, 4, 6, 7, 8, 9, 10, 0.126022, 0.135765, 0.192185, 0.192539, 0.114285, 0.123983, 0.173734, 0.174112, 0.113866, 0.123574, 0.172366, 0.172758
3, 4, 5, 8, 9, 10, 11, 0.116496, 0.127852, 0.185816, 0.186954, 0.109856, 0.121169, 0.179098, 0.180224, 0.108351, 0.119661, 0.175256, 0.176401
3, 4, 5, 7, 9, 10, 11, 0.122951, 0.134412, 0.193768, 0.194621, 0.116841, 0.128266, 0.187224, 0.188062, 0.116186, 0.127612, 0.185405, 0.186254
3, 4, 5, 7, 8, 10, 11, 0.128092, 0.139279, 0.199054, 0.200113, 0.116523, 0.127684, 0.185038, 0.186134, 0.115967, 0.127127, 0.183715, 0.184816
3, 4, 5, 7, 8, 9, 11, 0.116488, 0.127762, 0.187119, 0.188122, 0.113446, 0.124688, 0.183798, 0.18478, 0.112652, 0.123896, 0.181617, 0.182613
3, 4, 5, 7, 8, 9, 10, 0.128315, 0.139547, 0.203622, 0.204327, 0.123194, 0.134402, 0.197406, 0.198103, 0.122319, 0.133525, 0.194965, 0.195676
3, 4, 5, 6, 9, 10, 11, 0.110599, 0.121129, 0.170435, 0.171337, 0.103563, 0.11405, 0.16015, 0.16107, 0.102906, 0.1134, 0.158368, 0.159306
3, 4, 5, 6, 8, 10, 11, 0.123539, 0.133931, 0.196796, 0.197908, 0.112923, 0.12328, 0.183113, 0.184249, 0.111166, 0.121525, 0.179196, 0.180358
3, 4, 5, 6, 8, 9, 11, 0.106647, 0.117073, 0.166991, 0.168067, 0.102333, 0.11271, 0.159735, 0.160815, 0.101456, 0.111845, 0.157769, 0.158873
3, 4, 5, 6, 8, 9, 10, 0.114516, 0.124834, 0.177729, 0.178519, 0.108401, 0.118686, 0.167578, 0.168395, 0.107656, 0.117945, 0.165354, 0.16619
3, 4, 5, 6, 7, 10, 11, 0.129212, 0.139689, 0.203252, 0.204053, 0.119629, 0.130073, 0.190405, 0.191211, 0.122534, 0.132969, 0.192693, 0.193496
3, 4, 5, 6, 7, 9, 11, 0.112614, 0.122954, 0.17435, 0.175004, 0.107876, 0.118193, 0.165471, 0.166163, 0.106813, 0.117122, 0.162694, 0.163395
3, 4, 5, 6, 7, 9, 10, 0.129658, 0.139565, 0.198921, 0.199169, 0.12473, 0.134622, 0.189621, 0.18991, 0.124057, 0.133957, 0.187768, 0.188076
3, 4, 5, 6, 7, 8, 11, 0.124349, 0.134655, 0.198769, 0.199751, 0.118181, 0.128454, 0.189152, 0.190136, 0.117442, 0.127714, 0.187662, 0.188659
3, 4, 5, 6, 7, 8, 10, 0.133661, 0.14397, 0.211853, 0.212553, 0.125598, 0.135885, 0.200141, 0.200845, 0.124672, 0.134952, 0.19749, 0.198215
3, 4, 5, 6, 7, 8, 9, 0.124225, 0.134258, 0.193329, 0.193845, 0.116032, 0.126045, 0.178119, 0.178682, 0.115591, 0.125603, 0.17658, 0.177159
2, 6, 7, 8, 9, 10, 11, 0.122342, 0.133043, 0.186716, 0.187694, 0.0920999, 0.102769, 0.134114, 0.135398, 0.0925552, 0.103192, 0.134409, 0.135654
2, 5, 7, 8, 9, 10, 11, 0.120126, 0.132056, 0.205846, 0.20707, 0.10437, 0.116247, 0.177418, 0.178803, 0.100932, 0.112822, 0.158761, 0.160343
2, 5, 6, 8, 9, 10, 11, 0.102275, 0.113209, 0.155705, 0.157098, 0.0835998, 0.0945061, 0.122649, 0.124366, 0.0840086, 0.0948943, 0.123432, 0.125105
2, 5, 6, 7, 9, 10, 11, 0.108642, 0.11955, 0.163301, 0.164398, 0.0912028, 0.102097, 0.131952, 0.133332, 0.0912083, 0.102096, 0.13129, 0.132676
2, 5, 6, 7, 8, 10, 11, 0.127547, 0.138523, 0.210637, 0.211784, 0.107423, 0.11836, 0.178916, 0.180239, 0.105298, 0.11626, 0.167859, 0.169333
2, 5, 6, 7, 8, 9, 11, 0.103492, 0.114237, 0.159175, 0.16041, 0.0891841, 0.0999174, 0.130967, 0.132479, 0.0894764, 0.100197, 0.131132, 0.132632
2, 5, 6, 7, 8, 9, 10, 0.112989, 0.123619, 0.170898, 0.171888, 0.0968594, 0.107481, 0.140708, 0.14201, 0.0971703, 0.107785, 0.140709, 0.142006
2, 4, 7, 8, 9, 10, 11, 0.1181, 0.129902, 0.203728, 0.204745, 0.104134, 0.115882, 0.173076, 0.17422, 0.101368, 0.11315, 0.158426, 0.159751
2, 4, 6, 8, 9, 10, 11, 0.101961, 0.112676, 0.154274, 0.155432, 0.0861616, 0.0968502, 0.125918, 0.127297, 0.0860721, 0.0967576, 0.125118, 0.126501
2, 4, 6, 7, 9, 10, 11, 0.107926, 0.118488, 0.161032, 0.16183, 0.0930468, 0.103596, 0.134099, 0.135082, 0.0931899, 0.103721, 0.133564, 0.134538
2, 4, 6, 7, 8, 10, 11, 0.126008, 0.136801, 0.20688, 0.207807, 0.109233, 0.119988, 0.178813, 0.179844, 0.107665, 0.118454, 0.170555, 0.171713
2, 4, 6, 7, 8, 9, 11, 0.103009, 0.113517, 0.156996, 0.157985, 0.0906382, 0.101136, 0.13243, 0.13362, 0.0908988, 0.101377, 0.132407, 0.133581
2, 4, 6, 7, 8, 9, 10, 0.111929, 0.122252, 0.168198, 0.168914, 0.0987227, 0.109041, 0.142782, 0.143718, 0.098478, 0.108799, 0.141611, 0.142567
2, 4, 5, 8, 9, 10, 11, 0.113262, 0.125004, 0.206251, 0.20735, 0.103244, 0.114959, 0.175224, 0.176518, 0.100661, 0.112401, 0.161178, 0.16265
2, 4, 5, 7, 9, 10, 11, 0.116088, 0.127903, 0.199565, 0.200463, 0.109432, 0.121248, 0.18155, 0.182585, 0.106588, 0.118439, 0.166461, 0.167704
2, 4, 5, 7, 8, 10, 11, 0.131605, 0.143369, 0.204397, 0.205697, 0.121958, 0.133731, 0.192737, 0.19408, 0.12544, 0.137207, 0.197058, 0.198368
2, 4, 5, 7, 8, 9, 11, 0.112225, 0.123764, 0.199386, 0.200327, 0.106367, 0.117908, 0.179296, 0.180403, 0.103243, 0.114819, 0.163313, 0.164649
2, 4, 5, 7, 8, 9, 10, 0.123232, 0.134672, 0.211893, 0.212625, 0.116893, 0.128343, 0.193632, 0.194501, 0.114179, 0.125656, 0.178025, 0.179112
2, 4, 5, 6, 9, 10, 11, 0.0977678, 0.108483, 0.148101, 0.149222, 0.0893362, 0.100061, 0.131247, 0.132565, 0.0896315, 0.100338, 0.131109, 0.132411
2, 4, 5, 6, 8, 10, 11, 0.117602, 0.128462, 0.198346, 0.199508, 0.106519, 0.117364, 0.177818, 0.17912, 0.104538, 0.11541, 0.16887, 0.170308
2, 4, 5, 6, 8, 9, 11, 0.0972223, 0.107767, 0.150374, 0.151591, 0.0890524, 0.0996009, 0.132714, 0.134132, 0.0892201, 0.099751, 0.13251, 0.133912
2, 4, 5, 6, 8, 9, 10, 0.102525, 0.112903, 0.155953, 0.156968, 0.094039, 0.104428, 0.138199, 0.13943, 0.094034, 0.104424, 0.137673, 0.138913
2, 4, 5, 6, 7, 10, 11, 0.121578, 0.132473, 0.199819, 0.200745, 0.113865, 0.124762, 0.185789, 0.1868, 0.112354, 0.123263, 0.178294, 0.1794
2, 4, 5, 6, 7, 9, 11, 0.10389, 0.114283, 0.158886, 0.159702, 0.0954433, 0.10586, 0.140612, 0.141639, 0.0951236, 0.105548, 0.13907, 0.140134
2, 4, 5, 6, 7, 9, 10, 0.118114, 0.128084, 0.178303, 0.178789, 0.110334, 0.120333, 0.161155, 0.161869, 0.109923, 0.119925, 0.159273, 0.160026
2, 4, 5, 6, 7, 8, 11, 0.117872, 0.12855, 0.197092, 0.198153, 0.11122, 0.1219, 0.182915, 0.184076, 0.109949, 0.120649, 0.175763, 0.177024
2, 4, 5, 6, 7, 8, 10, 0.126564, 0.137135, 0.208574, 0.209415, 0.119014, 0.129587, 0.194002, 0.194916, 0.118436, 0.129015, 0.187865, 0.188872
2, 4, 5, 6, 7, 8, 9, 0.117219, 0.127219, 0.181122, 0.1818, 0.104462, 0.114482, 0.154745, 0.15566, 0.104541, 0.114554, 0.153672, 0.154615
2, 3, 7, 8, 9, 10, 11, 0.113346, 0.124616, 0.175073, 0.176179, 0.0965522, 0.107785, 0.148018, 0.149307, 0.0967104, 0.107945, 0.148329, 0.149616
2, 3, 6, 8, 9, 10, 11, 0.105327, 0.115586, 0.154981, 0.155998, 0.0883311, 0.0985573, 0.127426, 0.128626, 0.0884862, 0.0987126, 0.127791, 0.128978
2, 3, 6, 7, 9, 10, 11, 0.108456, 0.118535, 0.156866, 0.157586, 0.0928108, 0.102871, 0.131331, 0.132208, 0.0930773, 0.103139, 0.131791, 0.132664
2, 3, 6, 7, 8, 10, 11, 0.121316, 0.131572, 0.187318, 0.188233, 0.102846, 0.113107, 0.157552, 0.158702, 0.102808, 0.113092, 0.157649, 0.158824
2, 3, 6, 7, 8, 9, 11, 0.100429, 0.110491, 0.147027, 0.14799, 0.0886971, 0.0987353, 0.126823, 0.127946, 0.0888592, 0.0989027, 0.127099, 0.128224
2, 3, 6, 7, 8, 9, 10, 0.109993, 0.11982, 0.159804, 0.160447, 0.0986297, 0.108445, 0.140238, 0.141037, 0.0988538, 0.108674, 0.140707, 0.141505
2, 3, 5, 8, 9, 10, 11, 0.103515, 0.114843, 0.161985, 0.163374, 0.0933801, 0.104683, 0.145891, 0.147445, 0.0935017, 0.104806, 0.146003, 0.147559
2, 3, 5, 7, 9, 10, 11, 0.107151, 0.118573, 0.164657, 0.165827, 0.0985837, 0.109987, 0.151038, 0.152324, 0.0988129, 0.110218, 0.151421, 0.152707
2, 3, 5, 7, 8, 10, 11, 0.111633, 0.122979, 0.170786, 0.172285, 0.100643, 0.111974, 0.154946, 0.156544, 0.100276, 0.111608, 0.15462, 0.156222
2, 3, 5, 7, 8, 9, 11, 0.100394, 0.111565, 0.156966, 0.158279, 0.0946301, 0.105784, 0.146715, 0.14813, 0.095015, 0.106171, 0.147418, 0.14883
2, 3, 5, 7, 8, 9, 10, 0.112136, 0.123193, 0.173169, 0.174196, 0.105742, 0.116788, 0.162262, 0.163389, 0.105788, 0.116836, 0.162249, 0.163379
2, 3, 5, 6, 9, 10, 11, 0.0955849, 0.105954, 0.139635, 0.140785, 0.0869756, 0.0973329, 0.125227, 0.126527, 0.0872219, 0.0975795, 0.125617, 0.126911
2, 3, 5, 6, 8, 10, 11, 0.10979, 0.120219, 0.172106, 0.173348, 0.0958799, 0.106327, 0.149651, 0.151177, 0.0958103, 0.106278, 0.149488, 0.151045
2, 3, 5, 6, 8, 9, 11, 0.0910109, 0.101228, 0.134711, 0.136027, 0.0850031, 0.095205, 0.123833, 0.12528, 0.085113, 0.095319, 0.124033, 0.12548
2, 3, 5, 6, 8, 9, 10, 0.0986496, 0.108655, 0.144778, 0.145824, 0.0919309, 0.101931, 0.132605, 0.133791, 0.0923988, 0.102394, 0.133512, 0.134679
2, 3, 5, 6, 7, 10, 11, 0.112737, 0.123247, 0.174362, 0.175421, 0.102161, 0.112676, 0.156889, 0.158109, 0.102359, 0.112878, 0.157327, 0.158547
2, 3, 5, 6, 7, 9, 11, 0.0953792, 0.105382, 0.139301, 0.140225, 0.089821, 0.0998268, 0.128824, 0.129882, 0.0899585, 0.0999673, 0.129016, 0.130076
2, 3, 5, 6, 7, 9, 10, 0.112965, 0.122465, 0.164299, 0.164803, 0.107732, 0.117239, 0.154119, 0.154754, 0.107826, 0.117325, 0.154239, 0.154867
2, 3, 5, 6, 7, 8, 11, 0.108339, 0.118638, 0.169729, 0.170955, 0.099789, 0.110097, 0.154455, 0.155852, 0.0997599, 0.110079, 0.154641, 0.156044
2, 3, 5, 6, 7, 8, 10, 0.117141, 0.127337, 0.182032, 0.183011, 0.108454, 0.118652, 0.166626, 0.16773, 0.108453, 0.118656, 0.166697, 0.167806
2, 3, 5, 6, 7, 8, 9, 0.106405, 0.115989, 0.157263, 0.158032, 0.0988585, 0.108444, 0.143056, 0.143971, 0.0991847, 0.108763, 0.14359, 0.144498
2, 3, 4, 8, 9, 10, 11, 0.104469, 0.115661, 0.162972, 0.164163, 0.0960613, 0.107219, 0.149237, 0.150516, 0.0961494, 0.10731, 0.149372, 0.150654
2, 3, 4, 7, 9, 10, 11, 0.109061, 0.120235, 0.167227, 0.168104, 0.101635, 0.112784, 0.155173, 0.156104, 0.101894, 0.113044, 0.155655, 0.156582
2, 3, 4, 7, 8, 10, 11, 0.115279, 0.126511, 0.176304, 0.177561, 0.106197, 0.117409, 0.162699, 0.16401, 0.106149, 0.117359, 0.162915, 0.164221
2, 3, 4, 7, 8, 9, 11, 0.102258, 0.113272, 0.159551, 0.160616, 0.0974761, 0.108469, 0.150587, 0.151709, 0.097742, 0.108738, 0.151114, 0.152235
2, 3, 4, 7, 8, 9, 10, 0.114017, 0.124856, 0.175681, 0.176421, 0.108683, 0.119506, 0.166129, 0.16692, 0.108705, 0.119533, 0.166112, 0.166909
2, 3, 4, 6, 9, 10, 11, 0.0980597, 0.108044, 0.143059, 0.143821, 0.0904998, 0.100475, 0.130053, 0.130916, 0.0907132, 0.100686, 0.130411, 0.131265
2, 3, 4, 6, 8, 10, 11, 0.112114, 0.122365, 0.175304, 0.176324, 0.0997052, 0.109974, 0.154623, 0.155859, 0.0996183, 0.109904, 0.154644, 0.155897
2, 3, 4, 6, 8, 9, 11, 0.0936457, 0.103597, 0.138314, 0.139311, 0.0882822, 0.0982232, 0.128283, 0.129379, 0.0884179, 0.0983541, 0.128545, 0.12963
2, 3, 4, 6, 8, 9, 10, 0.100771, 0.110425, 0.147508, 0.148184, 0.095139, 0.104789, 0.136874, 0.137647, 0.0952165, 0.104872, 0.137031, 0.137807
2, 3, 4, 6, 7, 10, 11, 0.116058, 0.126245, 0.178917, 0.179642, 0.107272, 0.117459, 0.16374, 0.164564, 0.10732, 0.117509, 0.164048, 0.164873
2, 3, 4, 6, 7, 9, 11, 0.0979432, 0.10753, 0.142627, 0.143124, 0.0931774, 0.102768, 0.133422, 0.134016, 0.0935322, 0.103102, 0.134004, 0.134574
2, 3, 4, 6, 7, 9, 10, 0.115336, 0.124287, 0.167099, 0.167128, 0.110953, 0.119912, 0.158296, 0.158416, 0.111021, 0.119971, 0.158373, 0.158487
2, 3, 4, 6, 7, 8, 11, 0.110958, 0.121058, 0.173178, 0.174135, 0.104013, 0.114114, 0.159997, 0.161068, 0.104249, 0.114352, 0.160769, 0.161836
2, 3, 4, 6, 7, 8, 10, 0.120258, 0.130093, 0.185811, 0.186479, 0.112868, 0.1227, 0.1723, 0.17304, 0.113334, 0.12316, 0.173293, 0.174026
2, 3, 4, 6, 7, 8, 9, 0.108434, 0.117612, 0.159599, 0.159972, 0.101843, 0.111021, 0.14696, 0.147435, 0.102019, 0.111207, 0.14727, 0.147754
2, 3, 4, 5, 9, 10, 11, 0.102725, 0.113962, 0.160918, 0.162046, 0.0997519, 0.110979, 0.155521, 0.156688, 0.100035, 0.111262, 0.155972, 0.157137
2, 3, 4, 5, 8, 10, 11, 0.108199, 0.119323, 0.169722, 0.171211, 0.103215, 0.114329, 0.160046, 0.161593, 0.103289, 0.114401, 0.16025, 0.161789
2, 3, 4, 5, 8, 9, 11, 0.0997647, 0.110726, 0.158928, 0.160154, 0.0985306, 0.109481, 0.15551, 0.156762, 0.0985772, 0.109532, 0.155574, 0.156832
2, 3, 4, 5, 8, 9, 10, 0.108258, 0.119097, 0.170022, 0.170989, 0.105785, 0.116618, 0.164677, 0.165682, 0.106086, 0.116918, 0.165168, 0.16617
2, 3, 4, 5, 7, 10, 11, 0.111024, 0.122378, 0.171483, 0.172724, 0.109397, 0.120747, 0.168396, 0.169637, 0.109154, 0.120504, 0.168156, 0.169397
2, 3, 4, 5, 7, 9, 11, 0.104205, 0.115112, 0.163215, 0.164109, 0.102529, 0.113437, 0.158887, 0.159816, 0.102591, 0.113501, 0.158909, 0.159838
2, 3, 4, 5, 7, 9, 10, 0.124899, 0.135357, 0.19268, 0.193181, 0.123155, 0.133611, 0.188479, 0.189006, 0.123543, 0.133996, 0.18915, 0.18967
2, 3, 4, 5, 7, 8, 11, 0.107979, 0.118989, 0.168145, 0.169522, 0.106962, 0.117965, 0.16522, 0.166602, 0.106193, 0.117195, 0.164223, 0.165608
2, 3, 4, 5, 7, 8, 10, 0.115007, 0.125997, 0.177492, 0.178589, 0.113556, 0.124543, 0.174531, 0.175617, 0.113425, 0.124411, 0.174487, 0.175574
2, 3, 4, 5, 7, 8, 9, 0.114623, 0.125061, 0.180375, 0.181083, 0.111957, 0.122392, 0.173943, 0.174691, 0.11201, 0.12245, 0.173994, 0.174748
2, 3, 4, 5, 6, 10, 11, 0.108512, 0.118888, 0.171147, 0.172178, 0.102763, 0.113162, 0.160007, 0.16117, 0.102781, 0.113179, 0.160175, 0.161339
2, 3, 4, 5, 6, 9, 11, 0.0972209, 0.106921, 0.144916, 0.145688, 0.0934362, 0.10315, 0.137429, 0.138299, 0.0934572, 0.103173, 0.137508, 0.138379
2, 3, 4, 5, 6, 9, 10, 0.111759, 0.120873, 0.164728, 0.165089, 0.108182, 0.117311, 0.157422, 0.157876, 0.1081, 0.117233, 0.15734, 0.157797
2, 3, 4, 5, 6, 8, 11, 0.110821, 0.120968, 0.177286, 0.17842, 0.106255, 0.116419, 0.1665, 0.167779, 0.105768, 0.115936, 0.166222, 0.167505
2, 3, 4, 5, 6, 8, 10, 0.113533, 0.123542, 0.178883, 0.179839, 0.108543, 0.11856, 0.168754, 0.169788, 0.108954, 0.118966, 0.169616, 0.170647
2, 3, 4, 5, 6, 8, 9, 0.106546, 0.11578, 0.159411, 0.160039, 0.0999884, 0.109232, 0.146977, 0.147712, 0.100125, 0.109374, 0.147286, 0.148029
2, 3, 4, 5, 6, 7, 11, 0.110686, 0.120703, 0.172792, 0.173673, 0.107439, 0.117462, 0.165973, 0.166903, 0.108559, 0.118561, 0.168227, 0.169125
2, 3, 4, 5, 6, 7, 10, 0.130512, 0.140066, 0.202226, 0.202692, 0.127345, 0.136902, 0.195173, 0.195667, 0.127677, 0.137226, 0.196212, 0.1967
2, 3, 4, 5, 6, 7, 9, 0.139239, 0.147662, 0.211446, 0.211494, 0.132068, 0.140497, 0.196742, 0.196918, 0.132145, 0.140569, 0.196927, 0.197105
2, 3, 4, 5, 6, 7, 8, 0.120636, 0.130177, 0.189276, 0.190022, 0.115803, 0.125347, 0.179256, 0.180056, 0.116404, 0.12594, 0.180657, 0.181442
1, 6, 7, 8, 9, 10, 11, 0.120056, 0.130929, 0.180441, 0.18144, 0.0908507, 0.101692, 0.130425, 0.131742, 0.0918425, 0.102658, 0.132693, 0.133943
1, 5, 7, 8, 9, 10, 11, 0.112404, 0.124648, 0.179053, 0.180581, 0.0968265, 0.109022, 0.151436, 0.15324, 0.0999536, 0.112156, 0.155076, 0.156844
1, 5, 6, 8, 9, 10, 11, 0.0998929, 0.111029, 0.149097, 0.150545, 0.0814954, 0.0926022, 0.117464, 0.119263, 0.0818589, 0.0929567, 0.118235, 0.120005
1, 5, 6, 7, 9, 10, 11, 0.105673, 0.116818, 0.155464, 0.156665, 0.0885339, 0.0996597, 0.125598, 0.127108, 0.0892357, 0.100342, 0.126881, 0.128348
1, 5, 6, 7, 8, 10, 11, 0.123208, 0.13441, 0.202028, 0.203232, 0.101382, 0.112576, 0.161654, 0.163241, 0.10162, 0.112826, 0.161089, 0.162713
1, 5, 6, 7, 8, 9, 11, 0.09965, 0.110629, 0.149457, 0.150812, 0.0860331, 0.0969939, 0.123725, 0.125381, 0.0867066, 0.0976496, 0.125252, 0.12686
1, 5, 6, 7, 8, 9, 10, 0.109777, 0.120653, 0.162546, 0.163657, 0.0946485, 0.105515, 0.13517, 0.136619, 0.0947775, 0.105639, 0.135406, 0.136844
1, 4, 7, 8, 9, 10, 11, 0.111097, 0.123176, 0.178033, 0.17934, 0.0978928, 0.109925, 0.152197, 0.153704, 0.0980374, 0.110074, 0.151855, 0.153373
1, 4, 6, 8, 9, 10, 11, 0.0992543, 0.110125, 0.146991, 0.148201, 0.0834067, 0.0942599, 0.119251, 0.120728, 0.0839009, 0.0947108, 0.120263, 0.121657
1, 4, 6, 7, 9, 10, 11, 0.105137, 0.115886, 0.153634, 0.154516, 0.09026, 0.100989, 0.127481, 0.128564, 0.0907573, 0.101462, 0.128227, 0.129275
1, 4, 6, 7, 8, 10, 11, 0.122459, 0.133401, 0.200762, 0.201663, 0.104211, 0.11518, 0.164576, 0.165838, 0.10414, 0.115124, 0.163866, 0.165157
1, 4, 6, 7, 8, 9, 11, 0.0993795, 0.110079, 0.147925, 0.149014, 0.0874292, 0.0981128, 0.12512, 0.126429, 0.0879925, 0.0986515, 0.126238, 0.127502
1, 4, 6, 7, 8, 9, 10, 0.108899, 0.119417, 0.160236, 0.16105, 0.0964021, 0.106908, 0.136959, 0.138008, 0.0966445, 0.107133, 0.137286, 0.138315
1, 4, 5, 8, 9, 10, 11, 0.103586, 0.1156, 0.170835, 0.172321, 0.0964281, 0.10842, 0.152764, 0.154462, 0.0964411, 0.108437, 0.152022, 0.153736
1, 4, 5, 7, 9, 10, 11, 0.109743, 0.121868, 0.177033, 0.178287, 0.1028, 0.114916, 0.159912, 0.161343, 0.102942, 0.115061, 0.15945, 0.160896
1, 4, 5, 7, 8, 10, 11, 0.125606, 0.137634, 0.192682, 0.19426, 0.115756, 0.127788, 0.180485, 0.182118, 0.115305, 0.127336, 0.179588, 0.181224
1, 4, 5, 7, 8, 9, 11, 0.105283, 0.117124, 0.174893, 0.176195, 0.0995486, 0.111393, 0.1571, 0.158626, 0.0998946, 0.111738, 0.156674, 0.158209
1, 4, 5, 7, 8, 9, 10, 0.116273, 0.128033, 0.187621, 0.188736, 0.110392, 0.122145, 0.171824, 0.173108, 0.110576, 0.122329, 0.17143, 0.172728
1, 4, 5, 6, 9, 10, 11, 0.0936813, 0.104628, 0.138237, 0.139505, 0.0858549, 0.0967965, 0.123225, 0.124694, 0.0861749, 0.0971021, 0.123766, 0.125209
1, 4, 5, 6, 8, 10, 11, 0.11356, 0.124596, 0.191126, 0.192288, 0.10063, 0.111705, 0.161865, 0.163445, 0.100329, 0.111417, 0.160653, 0.162271
1, 4, 5, 6, 8, 9, 11, 0.0920461, 0.102816, 0.138446, 0.139826, 0.0850176, 0.0957837, 0.123736, 0.125323, 0.0853606, 0.0961162, 0.124568, 0.126127
1, 4, 5, 6, 8, 9, 10, 0.0986446, 0.109262, 0.146393, 0.147566, 0.0912081, 0.101823, 0.131336, 0.132727, 0.0914673, 0.102067, 0.131702, 0.133072
1, 4, 5, 6, 7, 10, 11, 0.117311, 0.128449, 0.191703, 0.192763, 0.107836, 0.118987, 0.170337, 0.171614, 0.107787, 0.118944, 0.169668, 0.170965
1, 4, 5, 6, 7, 9, 11, 0.0990269, 0.10968, 0.147331, 0.148333, 0.091894, 0.102553, 0.132313, 0.133522, 0.0920883, 0.102742, 0.132568, 0.13377
1, 4, 5, 6, 7, 9, 10, 0.11415, 0.124373, 0.168152, 0.168817, 0.107655, 0.117889, 0.154178, 0.155069, 0.107687, 0.117906, 0.15415, 0.155032
1, 4, 5, 6, 7, 8, 11, 0.113791, 0.124699, 0.189119, 0.190305, 0.105697, 0.116633, 0.168488, 0.169918, 0.106124, 0.117068, 0.168604, 0.170048
1, 4, 5, 6, 7, 8, 10, 0.122067, 0.132906, 0.199225, 0.200239, 0.113423, 0.12426, 0.179014, 0.180209, 0.113718, 0.124554, 0.179004, 0.180211
1, 4, 5, 6, 7, 8, 9, 0.11207, 0.122327, 0.168958, 0.169826, 0.101526, 0.111786, 0.147592, 0.148697, 0.101917, 0.112164, 0.148197, 0.149289
1, 3, 7, 8, 9, 10, 11, 0.114715, 0.126172, 0.176171, 0.177318, 0.0970298, 0.108456, 0.147678, 0.14905, 0.0971198, 0.108547, 0.147807, 0.149178
1, 3, 6, 8, 9, 10, 11, 0.106098, 0.116513, 0.15457, 0.155598, 0.0888617, 0.099249, 0.126889, 0.128121, 0.0890673, 0.0994511, 0.127177, 0.128395
1, 3, 6, 7, 9, 10, 11, 0.109044, 0.119256, 0.155999, 0.15674, 0.0931648, 0.10336, 0.130352, 0.13127, 0.0933105, 0.103506, 0.130572, 0.131487
1, 3, 6, 7, 8, 10, 11, 0.122712, 0.133069, 0.188998, 0.18987, 0.104514, 0.114902, 0.15944, 0.160594, 0.104522, 0.114951, 0.159701, 0.160893
1, 3, 6, 7, 8, 9, 11, 0.100628, 0.110825, 0.145442, 0.146434, 0.0886928, 0.0988734, 0.125276, 0.126455, 0.0888798, 0.0990617, 0.125603, 0.126777
1, 3, 6, 7, 8, 9, 10, 0.109898, 0.119879, 0.15768, 0.158365, 0.098653, 0.108627, 0.138606, 0.139471, 0.0990132, 0.10898, 0.139105, 0.139959
1, 3, 5, 8, 9, 10, 11, 0.103788, 0.115322, 0.160953, 0.162416, 0.0927304, 0.104244, 0.143487, 0.145167, 0.0929207, 0.104435, 0.14371, 0.145389
1, 3, 5, 7, 9, 10, 11, 0.107551, 0.11918, 0.163623, 0.16488, 0.0978498, 0.109461, 0.148423, 0.149834, 0.0981161, 0.10973, 0.148847, 0.150257
1, 3, 5, 7, 8, 10, 11, 0.111749, 0.12331, 0.170329, 0.171925, 0.100284, 0.111832, 0.153606, 0.155329, 0.0997436, 0.111293, 0.153102, 0.154837
1, 3, 5, 7, 8, 9, 11, 0.100471, 0.111859, 0.155446, 0.156864, 0.0938341, 0.105207, 0.144155, 0.145709, 0.0941655, 0.10554, 0.144708, 0.146258
1, 3, 5, 7, 8, 9, 10, 0.112299, 0.123579, 0.171717, 0.172846, 0.105186, 0.116456, 0.159947, 0.161209, 0.105656, 0.116924, 0.160669, 0.161922
1, 3, 5, 6, 9, 10, 11, 0.0948696, 0.10544, 0.136306, 0.137526, 0.0859299, 0.0964874, 0.121628, 0.123025, 0.0862031, 0.0967593, 0.122025, 0.123414
1, 3, 5, 6, 8, 10, 11, 0.1096, 0.120193, 0.170654, 0.171909, 0.0954073, 0.106037, 0.147661, 0.14927, 0.0953736, 0.106037, 0.147621, 0.149275
1, 3, 5, 6, 8, 9, 11, 0.08997, 0.100399, 0.130723, 0.13213, 0.0838095, 0.0942259, 0.12003, 0.121596, 0.0839474, 0.0943599, 0.120223, 0.12178
1, 3, 5, 6, 8, 9, 10, 0.0977181, 0.10794, 0.140943, 0.142083, 0.0909789, 0.101196, 0.129132, 0.130439, 0.0910913, 0.101301, 0.129288, 0.130581
1, 3, 5, 6, 7, 10, 11, 0.11277, 0.123453, 0.173173, 0.174279, 0.101779, 0.112472, 0.155145, 0.15645, 0.101934, 0.112641, 0.155486, 0.156804
1, 3, 5, 6, 7, 9, 11, 0.0943179, 0.104534, 0.135346, 0.136358, 0.0886909, 0.09891, 0.125237, 0.126405, 0.0888533, 0.099075, 0.125445, 0.126613
1, 3, 5, 6, 7, 9, 10, 0.111983, 0.121689, 0.160368, 0.160958, 0.106839, 0.116551, 0.150753, 0.151493, 0.106842, 0.116547, 0.150744, 0.151475
1, 3, 5, 6, 7, 8, 11, 0.108112, 0.118585, 0.168203, 0.169479, 0.0994163, 0.109908, 0.152947, 0.15443, 0.0996039, 0.110111, 0.153514, 0.155008
1, 3, 5, 6, 7, 8, 10, 0.116892, 0.127286, 0.180266, 0.181321, 0.107952, 0.118349, 0.164656, 0.165863, 0.108036, 0.118441, 0.164902, 0.166118
1, 3, 5, 6, 7, 8, 9, 0.105207, 0.115008, 0.153065, 0.153935, 0.0981522, 0.107954, 0.140227, 0.14126, 0.0983848, 0.108192, 0.140624, 0.141659
1, 3, 4, 8, 9, 10, 11, 0.104272, 0.115648, 0.160923, 0.162187, 0.0951712, 0.106517, 0.146312, 0.147705, 0.0953501, 0.106697, 0.146606, 0.147995
1, 3, 4, 7, 9, 10, 11, 0.109481, 0.120828, 0.166072, 0.167022, 0.100867, 0.112189, 0.152441, 0.153473, 0.101363, 0.112683, 0.153366, 0.154386
1, 3, 4, 7, 8, 10, 11, 0.115587, 0.127005, 0.17635, 0.177688, 0.106292, 0.117692, 0.162197, 0.163611, 0.106038, 0.11744, 0.162153, 0.163576
1, 3, 4, 7, 8, 9, 11, 0.102299, 0.113502, 0.157784, 0.15894, 0.0965679, 0.107749, 0.147738, 0.148976, 0.0969047, 0.108087, 0.148354, 0.149585
1, 3, 4, 7, 8, 9, 10, 0.114198, 0.125215, 0.174099, 0.174926, 0.108096, 0.119096, 0.163698, 0.1646, 0.109692, 0.120692, 0.165868, 0.166752
1, 3, 4, 6, 9, 10, 11, 0.0971676, 0.107283, 0.139287, 0.140085, 0.0892018, 0.099311, 0.125895, 0.126817, 0.0893273, 0.0994367, 0.126091, 0.12701
1, 3, 4, 6, 8, 10, 11, 0.111549, 0.121911, 0.173235, 0.174215, 0.0991912, 0.10961, 0.15256, 0.153865, 0.0991137, 0.109555, 0.152625, 0.153951
1, 3, 4, 6, 8, 9, 11, 0.0922663, 0.102358, 0.133683, 0.134735, 0.0867683, 0.0968574, 0.123813, 0.124992, 0.0868901, 0.0969796, 0.124005, 0.12518
1, 3, 4, 6, 8, 9, 10, 0.0997021, 0.109511, 0.143382, 0.144114, 0.0939852, 0.103791, 0.132983, 0.133831, 0.0941209, 0.103931, 0.133232, 0.13408
1, 3, 4, 6, 7, 10, 11, 0.11608, 0.126421, 0.177664, 0.178429, 0.106998, 0.117343, 0.162222, 0.163115, 0.107179, 0.117528, 0.162769, 0.163659
1, 3, 4, 6, 7, 9, 11, 0.0969107, 0.106646, 0.138662, 0.139206, 0.0919631, 0.101703, 0.129599, 0.130258, 0.0921409, 0.101884, 0.129842, 0.130502
1, 3, 4, 6, 7, 9, 10, 0.114421, 0.123517, 0.163237, 0.163313, 0.110013, 0.119113, 0.154805, 0.154984, 0.110084, 0.119189, 0.1549, 0.155084
1, 3, 4, 6, 7, 8, 11, 0.110634, 0.12088, 0.171297, 0.172301, 0.103626, 0.113881, 0.158501, 0.159644, 0.104189, 0.114447, 0.15977, 0.160904
1, 3, 4, 6, 7, 8, 10, 0.120034, 0.130107, 0.184219, 0.184942, 0.11235, 0.122418, 0.170462, 0.171275, 0.11256, 0.122625, 0.17103, 0.171838
1, 3, 4, 6, 7, 8, 9, 0.107349, 0.116682, 0.155533, 0.155966, 0.101102, 0.110435, 0.14396, 0.14451, 0.101328, 0.110664, 0.144341, 0.144894
1, 3, 4, 5, 9, 10, 11, 0.101923, 0.113351, 0.157407, 0.158658, 0.0982029, 0.109619, 0.151282, 0.152588, 0.0983556, 0.109776, 0.151519, 0.152828
1, 3, 4, 5, 8, 10, 11, 0.106895, 0.118232, 0.166144, 0.167787, 0.102272, 0.113598, 0.157633, 0.159326, 0.102015, 0.113342, 0.157389, 0.159091
1, 3, 4, 5, 8, 9, 11, 0.0985917, 0.109763, 0.15472, 0.156092, 0.0968739, 0.108031, 0.151136, 0.152542, 0.0970033, 0.108165, 0.151373, 0.152782
1, 3, 4, 5, 8, 9, 10, 0.107461, 0.118514, 0.166562, 0.167665, 0.104566, 0.11561, 0.161072, 0.162223, 0.104579, 0.115627, 0.161025, 0.162181
1, 3, 4, 5, 7, 10, 11, 0.110036, 0.121598, 0.168996, 0.170376, 0.108076, 0.119633, 0.16535, 0.16674, 0.107814, 0.119367, 0.165209, 0.166598
1, 3, 4, 5, 7, 9, 11, 0.10373, 0.114852, 0.160445, 0.161467, 0.101363, 0.112484, 0.155497, 0.156563, 0.10189, 0.113008, 0.156446, 0.1575
1, 3, 4, 5, 7, 9, 10, 0.124361, 0.135042, 0.189764, 0.190386, 0.122188, 0.132865, 0.185305, 0.185963, 0.122622, 0.133296, 0.186058, 0.186709
1, 3, 4, 5, 7, 8, 11, 0.107345, 0.118567, 0.166301, 0.167816, 0.106136, 0.117349, 0.163272, 0.164796, 0.105353, 0.116567, 0.162366, 0.1639
1, 3, 4, 5, 7, 8, 10, 0.114046, 0.125246, 0.175084, 0.176327, 0.112346, 0.123541, 0.171642, 0.172883, 0.112199, 0.123394, 0.171747, 0.172992
1, 3, 4, 5, 7, 8, 9, 0.114386, 0.125045, 0.17802, 0.178863, 0.11137, 0.122025, 0.171663, 0.172552, 0.111994, 0.122647, 0.172821, 0.173699
1, 3, 4, 5, 6, 10, 11, 0.106771, 0.117333, 0.166072, 0.167228, 0.101194, 0.11177, 0.155939, 0.157224, 0.101186, 0.111771, 0.156043, 0.157335
1, 3, 4, 5, 6, 9, 11, 0.0945177, 0.104426, 0.137916, 0.1388, 0.090952, 0.10087, 0.131197, 0.132191, 0.0909702, 0.100891, 0.131232, 0.132228
1, 3, 4, 5, 6, 9, 10, 0.109874, 0.119185, 0.159106, 0.159565, 0.106369, 0.115689, 0.152268, 0.152835, 0.10629, 0.115617, 0.152167, 0.15274
1, 3, 4, 5, 6, 8, 11, 0.10831, 0.118646, 0.170463, 0.171748, 0.10493, 0.115278, 0.163161, 0.164559, 0.104628, 0.114981, 0.163207, 0.164607
1, 3, 4, 5, 6, 8, 10, 0.11226, 0.1225, 0.174848, 0.175936, 0.107218, 0.117458, 0.165143, 0.166309, 0.107822, 0.118057, 0.166407, 0.167567
1, 3, 4, 5, 6, 8, 9, 0.104182, 0.113628, 0.153119, 0.153863, 0.0983927, 0.107842, 0.142419, 0.143283, 0.0984757, 0.107935, 0.142598, 0.143473
1, 3, 4, 5, 6, 7, 11, 0.11012, 0.120348, 0.170423, 0.17141, 0.106328, 0.116557, 0.163067, 0.164115, 0.106968, 0.117189, 0.164445, 0.165474
1, 3, 4, 5, 6, 7, 10, 0.129725, 0.13949, 0.199353, 0.199927, 0.126201, 0.135966, 0.191909, 0.192523, 0.126856, 0.136612, 0.193589, 0.194194
1, 3, 4, 5, 6, 7, 9, 0.136988, 0.145584, 0.204997, 0.205143, 0.131079, 0.139677, 0.192923, 0.19321, 0.131105, 0.13969, 0.19312, 0.193398
1, 3, 4, 5, 6, 7, 8, 0.120156, 0.130006, 0.187235, 0.188091, 0.115068, 0.124917, 0.177196, 0.178115, 0.115968, 0.125809, 0.179072, 0.179971
1, 2, 7, 8, 9, 10, 11, 0.113287, 0.125052, 0.183415, 0.184677, 0.0996006, 0.111333, 0.157833, 0.15933, 0.0999421, 0.111674, 0.158134, 0.159628
1, 2, 6, 8, 9, 10, 11, 0.100923, 0.111476, 0.150991, 0.152116, 0.0874067, 0.0979681, 0.128647, 0.13003, 0.088408, 0.0989119, 0.130623, 0.131881
1, 2, 6, 7, 9, 10, 11, 0.102994, 0.11342, 0.150225, 0.151158, 0.0905115, 0.100952, 0.129873, 0.131008, 0.0907462, 0.101156, 0.130369, 0.131464
1, 2, 6, 7, 8, 10, 11, 0.123924, 0.134545, 0.205013, 0.205827, 0.105203, 0.115901, 0.168355, 0.169615, 0.105396, 0.116111, 0.167991, 0.169286
1, 2, 6, 7, 8, 9, 11, 0.0964993, 0.106785, 0.142767, 0.143859, 0.087171, 0.0974752, 0.126551, 0.127851, 0.0875443, 0.0978074, 0.127322, 0.128564
1, 2, 6, 7, 8, 9, 10, 0.105541, 0.115633, 0.154688, 0.155519, 0.0965006, 0.106608, 0.138816, 0.139841, 0.09657, 0.106645, 0.138922, 0.139914
1, 2, 5, 8, 9, 10, 11, 0.107193, 0.118724, 0.185425, 0.186646, 0.0970265, 0.108555, 0.15705, 0.158644, 0.0977162, 0.109243, 0.158033, 0.159613
1, 2, 5, 7, 9, 10, 11, 0.106684, 0.118371, 0.169591, 0.170902, 0.10033, 0.112009, 0.157711, 0.159151, 0.100731, 0.112409, 0.158107, 0.159548
1, 2, 5, 7, 8, 10, 11, 0.123618, 0.135238, 0.19091, 0.192512, 0.112374, 0.124005, 0.17608, 0.177751, 0.111889, 0.123519, 0.175067, 0.176743
1, 2, 5, 7, 8, 9, 11, 0.101296, 0.112654, 0.165234, 0.166596, 0.0968385, 0.108196, 0.154421, 0.155934, 0.0969185, 0.108278, 0.154208, 0.15573
1, 2, 5, 7, 8, 9, 10, 0.113365, 0.124611, 0.180457, 0.181575, 0.108663, 0.119906, 0.170635, 0.171863, 0.108809, 0.120054, 0.170641, 0.171879
1, 2, 5, 6, 9, 10, 11, 0.0900542, 0.100516, 0.132554, 0.133801, 0.0840289, 0.0945181, 0.121924, 0.123369, 0.0845055, 0.0949575, 0.12289, 0.124275
1, 2, 5, 6, 8, 10, 11, 0.114236, 0.124791, 0.195987, 0.196964, 0.0995568, 0.110193, 0.162208, 0.163716, 0.0999434, 0.110592, 0.162188, 0.163722
1, 2, 5, 6, 8, 9, 11, 0.0873791, 0.0976041, 0.130732, 0.132065, 0.0825895, 0.0928491, 0.121403, 0.122944, 0.0831473, 0.0933572, 0.122572, 0.124027
1, 2, 5, 6, 8, 9, 10, 0.0941657, 0.104237, 0.139141, 0.140281, 0.0893106, 0.0994029, 0.129754, 0.131071, 0.0894415, 0.0995263, 0.130013, 0.131317
1, 2, 5, 6, 7, 10, 11, 0.115968, 0.126616, 0.192108, 0.19302, 0.105045, 0.115761, 0.167621, 0.168876, 0.105545, 0.116267, 0.167669, 0.168946
1, 2, 5, 6, 7, 9, 11, 0.0923471, 0.102441, 0.136017, 0.137035, 0.0877533, 0.0978745, 0.127093, 0.128277, 0.0879718, 0.0980807, 0.127508, 0.128675
1, 2, 5, 6, 7, 9, 10, 0.10867, 0.118302, 0.15882, 0.159483, 0.104656, 0.114313, 0.150626, 0.151451, 0.104732, 0.114371, 0.150764, 0.151574
1, 2, 5, 6, 7, 8, 11, 0.111757, 0.122137, 0.188997, 0.190002, 0.102731, 0.113191, 0.1656, 0.166981, 0.103045, 0.113517, 0.165476, 0.166886
1, 2, 5, 6, 7, 8, 10, 0.119636, 0.129929, 0.197328, 0.198204, 0.110953, 0.121284, 0.17649, 0.177619, 0.110879, 0.121218, 0.175749, 0.17691
1, 2, 5, 6, 7, 8, 9, 0.104771, 0.114388, 0.15639, 0.157238, 0.097916, 0.107553, 0.143116, 0.144125, 0.0982335, 0.107853, 0.143726, 0.144716
1, 2, 4, 8, 9, 10, 11, 0.105936, 0.117475, 0.179609, 0.180737, 0.0981824, 0.109724, 0.155741, 0.157193, 0.0979805, 0.109535, 0.154738, 0.156225
1, 2, 4, 7, 9, 10, 11, 0.10851, 0.120072, 0.173495, 0.174512, 0.10272, 0.114285, 0.160088, 0.161243, 0.102824, 0.114391, 0.159868, 0.161033
1, 2, 4, 7, 8, 10, 11, 0.127629, 0.139311, 0.196477, 0.197862, 0.118027, 0.129712, 0.183758, 0.185193, 0.117759, 0.129442, 0.183136, 0.18457
1, 2, 4, 7, 8, 9, 11, 0.103275, 0.11459, 0.169648, 0.170739, 0.0990387, 0.110369, 0.156636, 0.157912, 0.0990984, 0.110433, 0.156317, 0.157606
1, 2, 4, 7, 8, 9, 10, 0.11516, 0.12629, 0.183918, 0.184757, 0.110776, 0.121911, 0.172442, 0.173407, 0.110923, 0.122061, 0.172335, 0.173313
1, 2, 4, 6, 9, 10, 11, 0.0930004, 0.103157, 0.136036, 0.136911, 0.0876304, 0.0978391, 0.125854, 0.126927, 0.0881736, 0.0983314, 0.126923, 0.127911
1, 2, 4, 6, 8, 10, 11, 0.115248, 0.125737, 0.19615, 0.196877, 0.102578, 0.113183, 0.16501, 0.166297, 0.102372, 0.112995, 0.164103, 0.165428
1, 2, 4, 6, 8, 9, 11, 0.0905287, 0.100571, 0.134505, 0.135529, 0.0859654, 0.0960648, 0.125057, 0.126302, 0.0868197, 0.0968513, 0.126741, 0.127862
1, 2, 4, 6, 8, 9, 10, 0.0968242, 0.106594, 0.142073, 0.142848, 0.09252, 0.102336, 0.133078, 0.134036, 0.092785, 0.102574, 0.133706, 0.134615
1, 2, 4, 6, 7, 10, 11, 0.118676, 0.129146, 0.19504, 0.195655, 0.10999, 0.120537, 0.173726, 0.17465, 0.110186, 0.120737, 0.173513, 0.174451
1, 2, 4, 6, 7, 9, 11, 0.0953713, 0.105103, 0.139549, 0.140155, 0.0913282, 0.101103, 0.13128, 0.132044, 0.0917765, 0.101514, 0.13207, 0.132786
1, 2, 4, 6, 7, 9, 10, 0.111349, 0.120489, 0.161626, 0.161835, 0.107969, 0.117146, 0.154206, 0.15456, 0.108175, 0.117323, 0.154582, 0.154908
1, 2, 4, 6, 7, 8, 11, 0.11389, 0.12419, 0.190689, 0.191447, 0.106652, 0.117044, 0.170114, 0.171228, 0.106636, 0.117038, 0.169627, 0.170765
1, 2, 4, 6, 7, 8, 10, 0.122109, 0.132224, 0.200041, 0.200618, 0.114971, 0.125136, 0.181321, 0.182131, 0.114885, 0.12506, 0.180651, 0.181487
1, 2, 4, 6, 7, 8, 9, 0.10701, 0.11626, 0.158438, 0.158904, 0.101101, 0.110384, 0.146552, 0.147161, 0.101828, 0.111068, 0.148058, 0.148604
1, 2, 4, 5, 9, 10, 11, 0.103323, 0.114718, 0.169343, 0.170471, 0.100297, 0.111716, 0.159093, 0.160392, 0.100546, 0.111962, 0.15909, 0.160391
1, 2, 4, 5, 8, 10, 11, 0.13109, 0.142457, 0.207149, 0.208541, 0.126756, 0.13813, 0.200356, 0.201787, 0.128819, 0.140188, 0.20349, 0.204894
1, 2, 4, 5, 8, 9, 11, 0.102112, 0.113167, 0.1734, 0.17447, 0.0991742, 0.110267, 0.159686, 0.161017, 0.0993875, 0.110482, 0.159582, 0.160918
1, 2, 4, 5, 8, 9, 10, 0.110274, 0.121227, 0.179981, 0.180927, 0.107523, 0.118494, 0.170219, 0.171315, 0.107808, 0.118775, 0.170306, 0.171405
1, 2, 4, 5, 7, 10, 11, 0.12569, 0.137295, 0.195993, 0.197264, 0.124326, 0.135933, 0.194132, 0.195399, 0.123725, 0.135332, 0.193096, 0.19437
1, 2, 4, 5, 7, 9, 11, 0.109508, 0.120513, 0.182187, 0.182919, 0.105205, 0.116256, 0.166901, 0.167882, 0.105622, 0.116671, 0.16706, 0.168047
1, 2, 4, 5, 7, 9, 10, 0.130485, 0.140992, 0.210901, 0.211302, 0.1269, 0.13744, 0.197528, 0.198122, 0.127202, 0.137741, 0.197432, 0.198037
1, 2, 4, 5, 7, 8, 11, 0.121446, 0.132723, 0.189955, 0.191333, 0.12061, 0.131889, 0.188648, 0.190027, 0.119924, 0.131202, 0.187438, 0.188821
1, 2, 4, 5, 7, 8, 10, 0.125786, 0.136892, 0.194961, 0.196081, 0.125438, 0.136545, 0.19438, 0.195491, 0.125154, 0.13626, 0.193846, 0.194959
1, 2, 4, 5, 7, 8, 9, 0.121193, 0.131662, 0.201375, 0.201879, 0.116752, 0.127257, 0.185408, 0.186142, 0.117241, 0.127746, 0.185693, 0.186439
1, 2, 4, 5, 6, 10, 11, 0.11164, 0.12199, 0.1887, 0.189486, 0.105147, 0.115594, 0.169038, 0.17021, 0.105027, 0.115483, 0.168225, 0.169424
1, 2, 4, 5, 6, 9, 11, 0.0949135, 0.104602, 0.141812, 0.142602, 0.0903562, 0.100102, 0.132638, 0.133614, 0.0909477, 0.100653, 0.133713, 0.13463
1, 2, 4, 5, 6, 9, 10, 0.107134, 0.116274, 0.157675, 0.158146, 0.104249, 0.113432, 0.151251, 0.151874, 0.104364, 0.113534, 0.151541, 0.152146
1, 2, 4, 5, 6, 8, 11, 0.112852, 0.123014, 0.193826, 0.194694, 0.10775, 0.118015, 0.175087, 0.176348, 0.10754, 0.117817, 0.174202, 0.175491
1, 2, 4, 5, 6, 8, 10, 0.116313, 0.126364, 0.194997, 0.195759, 0.110599, 0.120707, 0.177415, 0.178452, 0.110528, 0.120645, 0.176688, 0.177752
1, 2, 4, 5, 6, 8, 9, 0.105671, 0.114844, 0.158715, 0.159359, 0.0987814, 0.108, 0.145479, 0.146286, 0.0994852, 0.108673, 0.146812, 0.14758
1, 2, 4, 5, 6, 7, 11, 0.114598, 0.124707, 0.190526, 0.19122, 0.110605, 0.120766, 0.176747, 0.177656, 0.111029, 0.121191, 0.177023, 0.177939
1, 2, 4, 5, 6, 7, 10, 0.134494, 0.144113, 0.219297, 0.219651, 0.130435, 0.140079, 0.205852, 0.206369, 0.130861, 0.140499, 0.206259, 0.206783
1, 2, 4, 5, 6, 7, 9, 0.143795, 0.152135, 0.221846, 0.221938, 0.136435, 0.144809, 0.20467, 0.204907, 0.136235, 0.144593, 0.203998, 0.204248
1, 2, 4, 5, 6, 7, 8, 0.1244, 0.134015, 0.206497, 0.207036, 0.119064, 0.128716, 0.190251, 0.190985, 0.119508, 0.129158, 0.190561, 0.191303
1, 2, 3, 8, 9, 10, 11, 0.105001, 0.116142, 0.164127, 0.165372, 0.097649, 0.108777, 0.152069, 0.153456, 0.0977554, 0.108881, 0.152208, 0.153592
1, 2, 3, 7, 9, 10, 11, 0.107327, 0.118414, 0.16397, 0.16498, 0.100149, 0.111226, 0.152671, 0.153776, 0.100261, 0.111335, 0.152862, 0.153964
1, 2, 3, 7, 8, 10, 11, 0.115481, 0.126783, 0.177663, 0.179061, 0.106811, 0.118104, 0.164324, 0.165802, 0.106573, 0.11787, 0.164471, 0.165958
1, 2, 3, 7, 8, 9, 11, 0.100292, 0.111182, 0.155845, 0.157017, 0.0961496, 0.107032, 0.148481, 0.149737, 0.0962909, 0.107175, 0.148717, 0.149973
1, 2, 3, 7, 8, 9, 10, 0.111277, 0.121937, 0.170376, 0.171238, 0.106815, 0.11747, 0.162676, 0.163606, 0.106933, 0.117587, 0.16285, 0.163778
1, 2, 3, 6, 9, 10, 11, 0.0996935, 0.109416, 0.145243, 0.145805, 0.0936699, 0.103415, 0.135224, 0.135944, 0.0940004, 0.103725, 0.136021, 0.136684
1, 2, 3, 6, 8, 10, 11, 0.11183, 0.122112, 0.174324, 0.17544, 0.101106, 0.111399, 0.157021, 0.158347, 0.101084, 0.111388, 0.157179, 0.158518
1, 2, 3, 6, 8, 9, 11, 0.0954342, 0.105137, 0.140737, 0.141531, 0.0917197, 0.101441, 0.134397, 0.135321, 0.0919035, 0.10162, 0.134717, 0.135631
1, 2, 3, 6, 8, 9, 10, 0.0996051, 0.108945, 0.144181, 0.144735, 0.0959274, 0.10528, 0.137653, 0.138314, 0.0960327, 0.105387, 0.137831, 0.138493
1, 2, 3, 6, 7, 10, 11, 0.114631, 0.124727, 0.177141, 0.177872, 0.107705, 0.117856, 0.164619, 0.165561, 0.107483, 0.117645, 0.164403, 0.165357
1, 2, 3, 6, 7, 9, 11, 0.0951176, 0.104345, 0.135878, 0.136371, 0.0923715, 0.10163, 0.131374, 0.131982, 0.0924416, 0.101706, 0.131455, 0.132069
1, 2, 3, 6, 7, 9, 10, 0.111476, 0.120017, 0.158345, 0.158395, 0.108822, 0.117388, 0.153678, 0.153822, 0.10894, 0.117507, 0.153818, 0.153962
1, 2, 3, 6, 7, 8, 11, 0.10962, 0.119589, 0.171203, 0.17214, 0.103667, 0.11369, 0.159886, 0.161039, 0.103467, 0.113507, 0.159774, 0.160942
1, 2, 3, 6, 7, 8, 10, 0.117151, 0.126897, 0.181092, 0.1818, 0.111852, 0.121621, 0.170753, 0.171575, 0.111782, 0.121562, 0.170714, 0.171546
1, 2, 3, 6, 7, 8, 9, 0.103621, 0.112353, 0.149476, 0.149825, 0.0999193, 0.108672, 0.142873, 0.143316, 0.0999909, 0.108751, 0.143004, 0.143456
1, 2, 3, 5, 9, 10, 11, 0.0994646, 0.110492, 0.154419, 0.155681, 0.0963849, 0.107412, 0.149421, 0.150749, 0.0965994, 0.107622, 0.149754, 0.151074
1, 2, 3, 5, 8, 10, 11, 0.10403, 0.115104, 0.16302, 0.164692, 0.100106, 0.111177, 0.155066, 0.156796, 0.0999158, 0.110989, 0.155082, 0.156821
1, 2, 3, 5, 8, 9, 11, 0.0971461, 0.107889, 0.153364, 0.154709, 0.0956573, 0.106399, 0.1503, 0.1517, 0.0958702, 0.106613, 0.150663, 0.152058
1, 2, 3, 5, 8, 9, 10, 0.104336, 0.114911, 0.162131, 0.163233, 0.102229, 0.112803, 0.158106, 0.159248, 0.102559, 0.113129, 0.158672, 0.159805
1, 2, 3, 5, 7, 10, 11, 0.107188, 0.118473, 0.166008, 0.167422, 0.105825, 0.117112, 0.162975, 0.164407, 0.105731, 0.11702, 0.16311, 0.16455
1, 2, 3, 5, 7, 9, 11, 0.0992877, 0.109918, 0.153821, 0.154862, 0.0976701, 0.108309, 0.150542, 0.151619, 0.0980287, 0.108666, 0.151148, 0.152219
1, 2, 3, 5, 7, 9, 10, 0.119709, 0.129851, 0.182481, 0.183118, 0.118286, 0.128432, 0.179625, 0.180282, 0.118928, 0.129063, 0.180762, 0.181401
1, 2, 3, 5, 7, 8, 11, 0.104727, 0.11569, 0.163265, 0.164802, 0.103856, 0.114817, 0.160765, 0.162316, 0.103908, 0.114873, 0.161522, 0.163078
1, 2, 3, 5, 7, 8, 10, 0.111174, 0.12202, 0.171973, 0.173215, 0.109709, 0.120556, 0.168513, 0.169769, 0.109757, 0.120605, 0.169023, 0.170285
1, 2, 3, 5, 7, 8, 9, 0.109841, 0.119937, 0.170978, 0.171805, 0.107724, 0.117823, 0.166498, 0.167352, 0.107793, 0.117898, 0.166582, 0.167442
1, 2, 3, 5, 6, 10, 11, 0.104828, 0.115002, 0.164746, 0.165802, 0.0993473, 0.109578, 0.154058, 0.155348, 0.0995915, 0.109816, 0.154606, 0.155889
1, 2, 3, 5, 6, 9, 11, 0.092663, 0.101993, 0.134918, 0.135689, 0.090142, 0.099522, 0.130679, 0.131598, 0.0902823, 0.0996582, 0.130895, 0.131803
1, 2, 3, 5, 6, 9, 10, 0.106156, 0.114838, 0.152839, 0.153223, 0.103731, 0.112442, 0.148493, 0.148981, 0.103761, 0.112475, 0.148539, 0.149029
1, 2, 3, 5, 6, 8, 11, 0.106086, 0.116031, 0.168712, 0.169898, 0.10278, 0.112775, 0.160997, 0.162384, 0.102913, 0.112905, 0.161677, 0.163059
1, 2, 3, 5, 6, 8, 10, 0.109127, 0.118904, 0.171101, 0.172114, 0.104725, 0.114527, 0.161981, 0.163124, 0.105184, 0.11498, 0.162909, 0.164048
1, 2, 3, 5, 6, 8, 9, 0.0994283, 0.108223, 0.145338, 0.145966, 0.0955696, 0.104399, 0.138555, 0.139303, 0.0958118, 0.104635, 0.138989, 0.139728
1, 2, 3, 5, 6, 7, 11, 0.106037, 0.115845, 0.164724, 0.165708, 0.103167, 0.112991, 0.159186, 0.160225, 0.103511, 0.113326, 0.159973, 0.160998
1, 2, 3, 5, 6, 7, 10, 0.125585, 0.134829, 0.193263, 0.193822, 0.122624, 0.13188, 0.187134, 0.187726, 0.123051, 0.132295, 0.188192, 0.188775
1, 2, 3, 5, 6, 7, 9, 0.129888, 0.137687, 0.192554, 0.192607, 0.127129, 0.13495, 0.186458, 0.18661, 0.127188, 0.135015, 0.186618, 0.186777
1, 2, 3, 5, 6, 7, 8, 0.115879, 0.125173, 0.180838, 0.181649, 0.111831, 0.121135, 0.172822, 0.173678, 0.112362, 0.121656, 0.17398, 0.174824
1, 2, 3, 4, 9, 10, 11, 0.102493, 0.113336, 0.158137, 0.15909, 0.0998701, 0.11071, 0.153438, 0.15443, 0.0999984, 0.11084, 0.153659, 0.154651
1, 2, 3, 4, 8, 10, 11, 0.108292, 0.1194, 0.168826, 0.170281, 0.10574, 0.116842, 0.163115, 0.164601, 0.105536, 0.116641, 0.163248, 0.164744
1, 2, 3, 4, 8, 9, 11, 0.100029, 0.1107, 0.156609, 0.157715, 0.0986283, 0.109294, 0.15352, 0.154655, 0.0987489, 0.10942, 0.153744, 0.154882
1, 2, 3, 4, 8, 9, 10, 0.10733, 0.117704, 0.165674, 0.166462, 0.105421, 0.115793, 0.161679, 0.162493, 0.105705, 0.116077, 0.162194, 0.163004
1, 2, 3, 4, 7, 10, 11, 0.114647, 0.125807, 0.176624, 0.177706, 0.114529, 0.125692, 0.175428, 0.176515, 0.114164, 0.125327, 0.175232, 0.176325
1, 2, 3, 4, 7, 9, 11, 0.103132, 0.113492, 0.158839, 0.159494, 0.101705, 0.112073, 0.155633, 0.156317, 0.102039, 0.112405, 0.156222, 0.1569
1, 2, 3, 4, 7, 9, 10, 0.123864, 0.133586, 0.18779, 0.187993, 0.122494, 0.132219, 0.184902, 0.18512, 0.122944, 0.132665, 0.185648, 0.185859
1, 2, 3, 4, 7, 8, 11, 0.110724, 0.121701, 0.171467, 0.172755, 0.110894, 0.121868, 0.17051, 0.171798, 0.110201, 0.121179, 0.169855, 0.171157
1, 2, 3, 4, 7, 8, 10, 0.117646, 0.128362, 0.181036, 0.181954, 0.116867, 0.127585, 0.178539, 0.179459, 0.116775, 0.127494, 0.178848, 0.179776
1, 2, 3, 4, 7, 8, 9, 0.113566, 0.123366, 0.175711, 0.176162, 0.1116, 0.121402, 0.171292, 0.171759, 0.11206, 0.12186, 0.172168, 0.172629
1, 2, 3, 4, 6, 10, 11, 0.109076, 0.119032, 0.169745, 0.170497, 0.104701, 0.114698, 0.161089, 0.162002, 0.10496, 0.114954, 0.161734, 0.16264
1, 2, 3, 4, 6, 9, 11, 0.0988435, 0.107624, 0.14345, 0.143667, 0.0953872, 0.104243, 0.137307, 0.137705, 0.0959179, 0.104729, 0.138256, 0.138584
1, 2, 3, 4, 6, 9, 10, 0.111223, 0.119139, 0.159371, 0.159117, 0.108789, 0.11676, 0.154784, 0.154647, 0.10891, 0.11687, 0.155028, 0.154875
1, 2, 3, 4, 6, 8, 11, 0.109141, 0.118977, 0.171873, 0.172821, 0.106275, 0.116149, 0.165271, 0.166367, 0.105653, 0.115535, 0.164538, 0.165643
1, 2, 3, 4, 6, 8, 10, 0.113122, 0.122666, 0.17559, 0.176302, 0.109219, 0.118778, 0.167733, 0.168513, 0.109765, 0.119318, 0.168899, 0.169673
1, 2, 3, 4, 6, 8, 9, 0.104506, 0.112686, 0.151809, 0.151864, 0.10042, 0.108662, 0.144515, 0.144713, 0.100644, 0.108884, 0.144982, 0.145171
1, 2, 3, 4, 6, 7, 11, 0.111086, 0.120572, 0.17135, 0.171914, 0.108865, 0.118368, 0.166617, 0.167232, 0.108785, 0.118287, 0.16674, 0.167352
1, 2, 3, 4, 6, 7, 10, 0.131739, 0.140497, 0.201414, 0.2015, 0.129061, 0.137828, 0.19564, 0.195749, 0.129607, 0.138364, 0.197082, 0.197186
1, 2, 3, 4, 6, 7, 9, 0.135048, 0.141877, 0.199149, 0.198517, 0.132716, 0.139571, 0.193683, 0.193136, 0.132728, 0.139583, 0.193792, 0.19325
1, 2, 3, 4, 6, 7, 8, 0.120354, 0.129304, 0.18655, 0.18695, 0.116699, 0.125662, 0.17902, 0.179461, 0.117013, 0.125964, 0.179825, 0.180252
1, 2, 3, 4, 5, 10, 11, 0.107915, 0.118964, 0.167534, 0.168878, 0.108359, 0.119412, 0.167273, 0.168619, 0.108075, 0.11913, 0.167119, 0.168475
1, 2, 3, 4, 5, 9, 11, 0.102937, 0.113214, 0.161802, 0.16262, 0.102117, 0.112401, 0.159554, 0.160398, 0.102179, 0.112468, 0.159674, 0.160523
1, 2, 3, 4, 5, 9, 10, 0.119928, 0.129616, 0.184858, 0.185268, 0.118796, 0.128488, 0.182222, 0.182654, 0.118972, 0.128661, 0.182574, 0.183002
1, 2, 3, 4, 5, 8, 11, 0.12497, 0.135611, 0.193812, 0.195166, 0.126188, 0.136832, 0.195217, 0.196566, 0.123974, 0.134615, 0.191896, 0.193258
1, 2, 3, 4, 5, 8, 10, 0.11374, 0.12436, 0.176477, 0.177632, 0.113233, 0.123855, 0.174576, 0.175736, 0.113073, 0.123698, 0.174652, 0.175822
1, 2, 3, 4, 5, 8, 9, 0.111779, 0.12148, 0.176129, 0.176729, 0.110297, 0.120003, 0.172428, 0.173055, 0.110578, 0.120286, 0.173062, 0.17369
1, 2, 3, 4, 5, 7, 11, 0.112048, 0.122845, 0.173769, 0.174868, 0.112591, 0.123396, 0.173748, 0.174851, 0.112146, 0.122953, 0.17328, 0.174392
1, 2, 3, 4, 5, 7, 10, 0.136024, 0.146139, 0.207859, 0.20845, 0.13562, 0.145738, 0.206531, 0.207124, 0.135012, 0.145129, 0.205911, 0.206504
1, 2, 3, 4, 5, 7, 9, 0.145756, 0.154612, 0.226871, 0.226904, 0.145846, 0.154701, 0.225545, 0.225613, 0.146611, 0.155463, 0.226918, 0.226983
1, 2, 3, 4, 5, 7, 8, 0.121365, 0.131616, 0.188558, 0.189431, 0.120509, 0.130764, 0.186002, 0.18688, 0.120202, 0.13046, 0.186099, 0.186986
1, 2, 3, 4, 5, 6, 11, 0.111918, 0.121444, 0.176124, 0.176919, 0.109728, 0.119276, 0.171231, 0.172093, 0.109342, 0.118874, 0.170846, 0.171697
1, 2, 3, 4, 5, 6, 10, 0.126017, 0.134865, 0.195178, 0.19555, 0.123387, 0.132251, 0.189443, 0.189858, 0.123487, 0.132336, 0.190021, 0.190426
1, 2, 3, 4, 5, 6, 9, 0.17044, 0.177402, 0.266166, 0.265904, 0.158824, 0.165834, 0.242943, 0.242768, 0.158466, 0.165488, 0.242511, 0.242345
1, 2, 3, 4, 5, 6, 8, 0.121719, 0.130603, 0.191694, 0.19229, 0.118581, 0.127483, 0.184858, 0.185518, 0.118369, 0.127259, 0.185001, 0.185652
1, 2, 3, 4, 5, 6, 7, 0.149647, 0.157624, 0.235421, 0.235429, 0.146944, 0.154934, 0.22892, 0.228979, 0.146406, 0.154401, 0.228218, 0.228284
0, 6, 7, 8, 9, 10, 11, 0.120499, 0.13123, 0.179455, 0.180508, 0.0929197, 0.103588, 0.133118, 0.134408, 0.0932222, 0.103906, 0.134084, 0.135374
0, 5, 7, 8, 9, 10, 11, 0.110581, 0.12261, 0.172186, 0.173741, 0.0966751, 0.108657, 0.149443, 0.151198, 0.0969608, 0.108943, 0.149981, 0.151731
0, 5, 6, 8, 9, 10, 11, 0.100968, 0.112001, 0.148713, 0.150259, 0.0833543, 0.0943451, 0.119587, 0.121401, 0.0835431, 0.0945391, 0.120127, 0.121936
0, 5, 6, 7, 9, 10, 11, 0.106706, 0.117687, 0.155572, 0.156769, 0.0908297, 0.10177, 0.128535, 0.129953, 0.0911107, 0.102058, 0.129209, 0.130624
0, 5, 6, 7, 8, 10, 11, 0.118151, 0.129169, 0.183973, 0.185361, 0.100645, 0.111629, 0.156948, 0.158547, 0.101041, 0.112035, 0.157843, 0.159446
0, 5, 6, 7, 8, 9, 11, 0.0998799, 0.110724, 0.148051, 0.14943, 0.0877828, 0.0985869, 0.125777, 0.127368, 0.0879902, 0.0988038, 0.126425, 0.128014
0, 5, 6, 7, 8, 9, 10, 0.110451, 0.121138, 0.162254, 0.163334, 0.0968539, 0.107515, 0.138166, 0.139487, 0.0971259, 0.107792, 0.138775, 0.140092
0, 4, 7, 8, 9, 10, 11, 0.109092, 0.120944, 0.168909, 0.17029, 0.0972621, 0.109056, 0.149598, 0.151078, 0.0974432, 0.109238, 0.149978, 0.151455
0, 4, 6, 8, 9, 10, 11, 0.0994396, 0.110188, 0.145707, 0.147022, 0.0840151, 0.0946855, 0.119861, 0.12132, 0.0850437, 0.0957153, 0.122247, 0.123667
0, 4, 6, 7, 9, 10, 11, 0.10556, 0.116128, 0.152941, 0.153831, 0.0913269, 0.10184, 0.128733, 0.129744, 0.0915779, 0.102097, 0.129172, 0.130186
0, 4, 6, 7, 8, 10, 11, 0.117397, 0.128175, 0.18232, 0.183485, 0.102556, 0.113293, 0.158916, 0.160196, 0.10276, 0.113507, 0.159535, 0.160819
0, 4, 6, 7, 8, 9, 11, 0.0990095, 0.109545, 0.145765, 0.146888, 0.0880684, 0.0985516, 0.125634, 0.126891, 0.0883167, 0.0988084, 0.12617, 0.127428
0, 4, 6, 7, 8, 9, 10, 0.10906, 0.119379, 0.159236, 0.160038, 0.0975064, 0.107785, 0.138416, 0.139371, 0.0976191, 0.107906, 0.138666, 0.139627
0, 4, 5, 8, 9, 10, 11, 0.100587, 0.112406, 0.157307, 0.15896, 0.0959117, 0.107694, 0.15036, 0.152048, 0.0960339, 0.107817, 0.150571, 0.152259
0, 4, 5, 7, 9, 10, 11, 0.107183, 0.119108, 0.165008, 0.166381, 0.102353, 0.11425, 0.157455, 0.158854, 0.102699, 0.114595, 0.158084, 0.159477
0, 4, 5, 7, 8, 10, 11, 0.123686, 0.135484, 0.189594, 0.19113, 0.113749, 0.125546, 0.177129, 0.178712, 0.113268, 0.125064, 0.176171, 0.177759
0, 4, 5, 7, 8, 9, 11, 0.101721, 0.113386, 0.159137, 0.160642, 0.098934, 0.110577, 0.153999, 0.155518, 0.0992141, 0.110857, 0.154557, 0.156072
0, 4, 5, 7, 8, 9, 10, 0.113319, 0.124874, 0.175337, 0.176558, 0.109584, 0.121122, 0.168935, 0.170181, 0.109987, 0.121522, 0.169656, 0.170891
0, 4, 5, 6, 9, 10, 11, 0.0935885, 0.104402, 0.136687, 0.138, 0.0868588, 0.0976356, 0.124528, 0.12595, 0.0869991, 0.097786, 0.124842, 0.12627
0, 4, 5, 6, 8, 10, 11, 0.108383, 0.119274, 0.169809, 0.171332, 0.0996205, 0.110489, 0.157199, 0.158809, 0.0995874, 0.110462, 0.157257, 0.158874
0, 4, 5, 6, 8, 9, 11, 0.09084, 0.101493, 0.134856, 0.136313, 0.0855823, 0.0961942, 0.124294, 0.125852, 0.0855803, 0.0962041, 0.124425, 0.125994
0, 4, 5, 6, 8, 9, 10, 0.0985684, 0.109033, 0.144989, 0.146178, 0.092325, 0.102763, 0.132865, 0.134183, 0.0924823, 0.10293, 0.133267, 0.134587
0, 4, 5, 6, 7, 10, 11, 0.113962, 0.124894, 0.176848, 0.178051, 0.106897, 0.117809, 0.166009, 0.167258, 0.107587, 0.118496, 0.167163, 0.1684
0, 4, 5, 6, 7, 9, 11, 0.0983446, 0.108823, 0.144727, 0.145728, 0.0927654, 0.103229, 0.133259, 0.134385, 0.0928899, 0.10335, 0.133527, 0.134649
0, 4, 5, 6, 7, 9, 10, 0.114378, 0.124399, 0.167306, 0.167923, 0.108889, 0.118901, 0.155896, 0.156658, 0.108761, 0.118771, 0.155729, 0.156496
0, 4, 5, 6, 7, 8, 11, 0.109857, 0.12059, 0.172751, 0.17413, 0.104483, 0.115199, 0.163642, 0.16507, 0.104718, 0.115435, 0.164286, 0.165709
0, 4, 5, 6, 7, 8, 10, 0.119321, 0.129926, 0.186283, 0.187387, 0.112867, 0.12346, 0.175396, 0.176541, 0.113605, 0.124194, 0.176834, 0.177969
0, 4, 5, 6, 7, 8, 9, 0.110994, 0.121069, 0.165804, 0.166654, 0.102431, 0.112492, 0.148693, 0.14969, 0.102504, 0.112574, 0.14887, 0.149878
0, 3, 7, 8, 9, 10, 11, 0.117874, 0.12906, 0.180143, 0.181208, 0.100669, 0.111825, 0.153549, 0.154768, 0.100961, 0.112117, 0.154243, 0.155455
0, 3, 6, 8, 9, 10, 11, 0.109133, 0.119238, 0.158464, 0.159499, 0.0924904, 0.102561, 0.132325, 0.133491, 0.092285, 0.102352, 0.132046, 0.133208
0, 3, 6, 7, 9, 10, 11, 0.112634, 0.122472, 0.161198, 0.161812, 0.0975704, 0.107362, 0.137275, 0.137969, 0.0976196, 0.107423, 0.137354, 0.138058
0, 3, 6, 7, 8, 10, 11, 0.123672, 0.133849, 0.18977, 0.1907, 0.107174, 0.117301, 0.163599, 0.164642, 0.107464, 0.117608, 0.164501, 0.165548
0, 3, 6, 7, 8, 9, 11, 0.104133, 0.113965, 0.150467, 0.151327, 0.0928693, 0.102648, 0.131857, 0.1328, 0.0929335, 0.102738, 0.131964, 0.132931
0, 3, 6, 7, 8, 9, 10, 0.113126, 0.122723, 0.162465, 0.162996, 0.102864, 0.112427, 0.145384, 0.145998, 0.102952, 0.112528, 0.145546, 0.146172
0, 3, 5, 8, 9, 10, 11, 0.105712, 0.117006, 0.162823, 0.164234, 0.095675, 0.106947, 0.148231, 0.149776, 0.0959158, 0.107188, 0.148673, 0.150214
0, 3, 5, 7, 9, 10, 11, 0.11078, 0.122135, 0.168348, 0.169479, 0.101189, 0.112527, 0.15378, 0.155023, 0.101614, 0.11295, 0.154632, 0.155866
0, 3, 5, 7, 8, 10, 11, 0.112724, 0.124023, 0.171621, 0.173094, 0.102152, 0.11344, 0.156095, 0.15768, 0.103841, 0.115126, 0.158719, 0.160285
0, 3, 5, 7, 8, 9, 11, 0.10359, 0.11471, 0.160032, 0.161315, 0.0971954, 0.1083, 0.149549, 0.150927, 0.097489, 0.108596, 0.150177, 0.15155
0, 3, 5, 7, 8, 9, 10, 0.115271, 0.126275, 0.176264, 0.177253, 0.108428, 0.119421, 0.165347, 0.166426, 0.108621, 0.119616, 0.165683, 0.16676
0, 3, 5, 6, 9, 10, 11, 0.0975336, 0.107812, 0.140103, 0.141237, 0.0894021, 0.0996546, 0.127086, 0.128322, 0.0895022, 0.0997574, 0.127229, 0.128467
0, 3, 5, 6, 8, 10, 11, 0.1105, 0.120922, 0.170166, 0.17154, 0.0976168, 0.108019, 0.150651, 0.152176, 0.0979738, 0.108379, 0.151467, 0.152988
0, 3, 5, 6, 8, 9, 11, 0.0924689, 0.102625, 0.134257, 0.135588, 0.0872246, 0.0973433, 0.125448, 0.126852, 0.0873569, 0.0974755, 0.125779, 0.127175
0, 3, 5, 6, 8, 9, 10, 0.100349, 0.110273, 0.144831, 0.14585, 0.0944697, 0.104376, 0.134819, 0.135929, 0.0945974, 0.10451, 0.135015, 0.136128
0, 3, 5, 6, 7, 10, 11, 0.114198, 0.124633, 0.174478, 0.175533, 0.104044, 0.114448, 0.158256, 0.159405, 0.104426, 0.114839, 0.159124, 0.160273
0, 3, 5, 6, 7, 9, 11, 0.0972534, 0.107147, 0.139696, 0.140558, 0.0924829, 0.102363, 0.131181, 0.132126, 0.092559, 0.10245, 0.131303, 0.132258
0, 3, 5, 6, 7, 9, 10, 0.114801, 0.124174, 0.164643, 0.165066, 0.110659, 0.120023, 0.156899, 0.157397, 0.110688, 0.120062, 0.156944, 0.15745
0, 3, 5, 6, 7, 8, 11, 0.109405, 0.119654, 0.169187, 0.170426, 0.101541, 0.111757, 0.155943, 0.157271, 0.101879, 0.112105, 0.156885, 0.158212
0, 3, 5, 6, 7, 8, 10, 0.118225, 0.128338, 0.181588, 0.182541, 0.110156, 0.12025, 0.167817, 0.168846, 0.110582, 0.12068, 0.168782, 0.169809
0, 3, 5, 6, 7, 8, 9, 0.107912, 0.117396, 0.157177, 0.157885, 0.102174, 0.111643, 0.146765, 0.147547, 0.102323, 0.1118, 0.147031, 0.147821
0, 3, 4, 8, 9, 10, 11, 0.106449, 0.117549, 0.163638, 0.164823, 0.0973938, 0.108458, 0.150179, 0.151432, 0.0975948, 0.108663, 0.150577, 0.151829
0, 3, 4, 7, 9, 10, 11, 0.112445, 0.123486, 0.170456, 0.171277, 0.10355, 0.114566, 0.156976, 0.157848, 0.103918, 0.114933, 0.157735, 0.158599
0, 3, 4, 7, 8, 10, 11, 0.115906, 0.127038, 0.176478, 0.177702, 0.107259, 0.118376, 0.163196, 0.164488, 0.106934, 0.11805, 0.163095, 0.16439
0, 3, 4, 7, 8, 9, 11, 0.105109, 0.116015, 0.161991, 0.163013, 0.099256, 0.11014, 0.152254, 0.153329, 0.099647, 0.110533, 0.153046, 0.154116
0, 3, 4, 7, 8, 9, 10, 0.116921, 0.127627, 0.17832, 0.179003, 0.110807, 0.121496, 0.168428, 0.169154, 0.111118, 0.121808, 0.16899, 0.169712
0, 3, 4, 6, 9, 10, 11, 0.0991143, 0.108895, 0.141932, 0.142642, 0.0916188, 0.101359, 0.129758, 0.130502, 0.0916792, 0.101434, 0.129855, 0.130615
0, 3, 4, 6, 8, 10, 11, 0.112049, 0.122235, 0.172259, 0.173377, 0.100451, 0.11059, 0.154192, 0.155387, 0.100456, 0.110612, 0.154467, 0.155674
0, 3, 4, 6, 8, 9, 11, 0.0939934, 0.103748, 0.135961, 0.136919, 0.0892162, 0.0989321, 0.127722, 0.128712, 0.0892598, 0.0989941, 0.127782, 0.128793
0, 3, 4, 6, 8, 9, 10, 0.101682, 0.111163, 0.14621, 0.146835, 0.0965754, 0.106022, 0.137266, 0.137923, 0.0966734, 0.106136, 0.137444, 0.138118
0, 3, 4, 6, 7, 10, 11, 0.11705, 0.127095, 0.178448, 0.179137, 0.108324, 0.11834, 0.164015, 0.164751, 0.108721, 0.11874, 0.165011, 0.165741
0, 3, 4, 6, 7, 9, 11, 0.0994133, 0.10878, 0.142301, 0.142692, 0.094938, 0.104288, 0.134338, 0.134778, 0.0950389, 0.104403, 0.134512, 0.134966
0, 3, 4, 6, 7, 9, 10, 0.116866, 0.125587, 0.166892, 0.166799, 0.1131, 0.121804, 0.159865, 0.159807, 0.113179, 0.121894, 0.159994, 0.159947
0, 3, 4, 6, 7, 8, 11, 0.111528, 0.121502, 0.171904, 0.172845, 0.1048, 0.114741, 0.160101, 0.161093, 0.105134, 0.115083, 0.1611, 0.162089
0, 3, 4, 6, 7, 8, 10, 0.120922, 0.130677, 0.185113, 0.185716, 0.113776, 0.123509, 0.172475, 0.173114, 0.114723, 0.124452, 0.174369, 0.174995
0, 3, 4, 6, 7, 8, 9, 0.109798, 0.118769, 0.159176, 0.159444, 0.104418, 0.113369, 0.149419, 0.149726, 0.104591, 0.113552, 0.149711, 0.15003
0, 3, 4, 5, 9, 10, 11, 0.103922, 0.115083, 0.160397, 0.161541, 0.10049, 0.111637, 0.155223, 0.156394, 0.100664, 0.111812, 0.155546, 0.156716
0, 3, 4, 5, 8, 10, 11, 0.10722, 0.1183, 0.166132, 0.167671, 0.103587, 0.114657, 0.159492, 0.161062, 0.103282, 0.114352, 0.159033, 0.160606
0, 3, 4, 5, 8, 9, 11, 0.100585, 0.111497, 0.157751, 0.159016, 0.0993298, 0.110226, 0.155377, 0.156647, 0.0993677, 0.110271, 0.155444, 0.156719
0, 3, 4, 5, 8, 9, 10, 0.109462, 0.120244, 0.169734, 0.170714, 0.106933, 0.117705, 0.165247, 0.166246, 0.107103, 0.117877, 0.165514, 0.166513
0, 3, 4, 5, 7, 10, 11, 0.110358, 0.12165, 0.168851, 0.170117, 0.108906, 0.120194, 0.166096, 0.167365, 0.108628, 0.11991, 0.165878, 0.167141
0, 3, 4, 5, 7, 9, 11, 0.106357, 0.117196, 0.164617, 0.165495, 0.10409, 0.114927, 0.160068, 0.160975, 0.104624, 0.115457, 0.161103, 0.161995
0, 3, 4, 5, 7, 9, 10, 0.126517, 0.136918, 0.193374, 0.193848, 0.12455, 0.134947, 0.189505, 0.189993, 0.124496, 0.134898, 0.189398, 0.18989
0, 3, 4, 5, 7, 8, 11, 0.107646, 0.118597, 0.166055, 0.167455, 0.107013, 0.117956, 0.164113, 0.165511, 0.106284, 0.117225, 0.163346, 0.164747
0, 3, 4, 5, 7, 8, 10, 0.114722, 0.125653, 0.175698, 0.176816, 0.113568, 0.124495, 0.173206, 0.174308, 0.113266, 0.124191, 0.173024, 0.174131
0, 3, 4, 5, 7, 8, 9, 0.117088, 0.127468, 0.18249, 0.183173, 0.11424, 0.124616, 0.176649, 0.177353, 0.114825, 0.125197, 0.177736, 0.178427
0, 3, 4, 5, 6, 10, 11, 0.107407, 0.11772, 0.165989, 0.167114, 0.102662, 0.112956, 0.157865, 0.159021, 0.104292, 0.114576, 0.160737, 0.161867
0, 3, 4, 5, 6, 9, 11, 0.0955994, 0.105245, 0.139286, 0.140085, 0.0933175, 0.102944, 0.135088, 0.135918, 0.0932722, 0.102913, 0.135027, 0.135874
0, 3, 4, 5, 6, 9, 10, 0.111432, 0.120468, 0.161328, 0.161672, 0.10882, 0.117839, 0.156372, 0.156752, 0.108736, 0.117765, 0.156271, 0.156661
0, 3, 4, 5, 6, 8, 11, 0.108748, 0.11885, 0.170047, 0.171303, 0.10637, 0.116448, 0.165087, 0.16636, 0.106185, 0.116268, 0.165502, 0.166773
0, 3, 4, 5, 6, 8, 10, 0.112984, 0.122951, 0.17526, 0.176258, 0.108806, 0.118758, 0.167345, 0.168363, 0.108806, 0.118766, 0.167486, 0.16851
0, 3, 4, 5, 6, 8, 9, 0.105494, 0.114682, 0.154968, 0.155612, 0.101188, 0.110351, 0.147111, 0.147783, 0.101242, 0.11042, 0.147255, 0.147946
0, 3, 4, 5, 6, 7, 11, 0.111342, 0.121298, 0.17183, 0.17269, 0.10792, 0.117868, 0.165254, 0.166143, 0.108651, 0.118591, 0.166877, 0.167747
0, 3, 4, 5, 6, 7, 10, 0.130943, 0.140406, 0.200775, 0.201202, 0.128057, 0.137512, 0.194503, 0.194937, 0.128579, 0.138027, 0.195983, 0.196411
0, 3, 4, 5, 6, 7, 9, 0.137921, 0.146215, 0.206123, 0.206103, 0.133185, 0.141464, 0.196709, 0.196741, 0.133321, 0.141594, 0.197081, 0.197114
0, 3, 4, 5, 6, 7, 8, 0.121375, 0.13093, 0.188797, 0.189507, 0.11675, 0.126296, 0.179733, 0.180467, 0.117714, 0.127253, 0.181759, 0.182473
0, 2, 7, 8, 9, 10, 11, 0.108921, 0.120536, 0.170882, 0.172287, 0.0963681, 0.107941, 0.150552, 0.152126, 0.0965499, 0.108124, 0.150999, 0.152571
0, 2, 6, 8, 9, 10, 11, 0.0997883, 0.110312, 0.146663, 0.148009, 0.0861286, 0.0966166, 0.124925, 0.126452, 0.0861833, 0.0966754, 0.125072, 0.126599
0, 2, 6, 7, 9, 10, 11, 0.102845, 0.113186, 0.148943, 0.149931, 0.0899116, 0.10023, 0.127997, 0.12914, 0.089968, 0.100291, 0.128095, 0.129241
0, 2, 6, 7, 8, 10, 11, 0.117925, 0.12853, 0.184122, 0.185353, 0.102774, 0.113349, 0.161009, 0.162402, 0.102842, 0.11342, 0.161383, 0.162775
0, 2, 6, 7, 8, 9, 11, 0.0956301, 0.105856, 0.140203, 0.141387, 0.0861907, 0.0963936, 0.124055, 0.125394, 0.0862387, 0.096444, 0.124182, 0.12552
0, 2, 6, 7, 8, 9, 10, 0.10493, 0.114912, 0.152697, 0.15356, 0.0956932, 0.105663, 0.136737, 0.137757, 0.0957661, 0.105739, 0.136882, 0.137904
0, 2, 5, 8, 9, 10, 11, 0.0995673, 0.110976, 0.157836, 0.159455, 0.0941175, 0.105503, 0.149577, 0.151288, 0.0958834, 0.107268, 0.151473, 0.153159
0, 2, 5, 7, 9, 10, 11, 0.103655, 0.115181, 0.1614, 0.162792, 0.0978894, 0.1094, 0.152087, 0.153563, 0.0982241, 0.109733, 0.152704, 0.154173
0, 2, 5, 7, 8, 10, 11, 0.118751, 0.13021, 0.182563, 0.184207, 0.108594, 0.120058, 0.168998, 0.170704, 0.10804, 0.119503, 0.167874, 0.169587
0, 2, 5, 7, 8, 9, 11, 0.0977012, 0.108919, 0.154687, 0.156198, 0.094368, 0.105573, 0.148486, 0.150056, 0.0945818, 0.10579, 0.148939, 0.150509
0, 2, 5, 7, 8, 9, 10, 0.109742, 0.120822, 0.17141, 0.17262, 0.105654, 0.116726, 0.16428, 0.165553, 0.106389, 0.117456, 0.165494, 0.16675
0, 2, 5, 6, 9, 10, 11, 0.0895676, 0.0999704, 0.130344, 0.131702, 0.0836189, 0.094014, 0.120314, 0.121802, 0.0837522, 0.0941511, 0.120578, 0.122065
0, 2, 5, 6, 8, 10, 11, 0.107435, 0.117984, 0.169484, 0.171002, 0.0978755, 0.108413, 0.155946, 0.157587, 0.0979574, 0.108497, 0.156207, 0.15785
0, 2, 5, 6, 8, 9, 11, 0.0860116, 0.0961966, 0.126855, 0.128343, 0.0818555, 0.0920301, 0.119232, 0.120837, 0.0818888, 0.0920653, 0.119333, 0.120937
0, 2, 5, 6, 8, 9, 10, 0.0935975, 0.103578, 0.136909, 0.13812, 0.0887905, 0.0987684, 0.128038, 0.129377, 0.0890814, 0.0990507, 0.128594, 0.129915
0, 2, 5, 6, 7, 10, 11, 0.111564, 0.122148, 0.174317, 0.175541, 0.103202, 0.113776, 0.161596, 0.16291, 0.104986, 0.115552, 0.163958, 0.165249
0, 2, 5, 6, 7, 9, 11, 0.091377, 0.101362, 0.133206, 0.134258, 0.0871094, 0.0971021, 0.125114, 0.126293, 0.0871623, 0.0971587, 0.125203, 0.126386
0, 2, 5, 6, 7, 9, 10, 0.108164, 0.117643, 0.15696, 0.157606, 0.104066, 0.113556, 0.148879, 0.149659, 0.104152, 0.113646, 0.149153, 0.149928
0, 2, 5, 6, 7, 8, 11, 0.106629, 0.116979, 0.168993, 0.170381, 0.100771, 0.111112, 0.159296, 0.160763, 0.100913, 0.111254, 0.15977, 0.161234
0, 2, 5, 6, 7, 8, 10, 0.115907, 0.126078, 0.182242, 0.183331, 0.109393, 0.119562, 0.171199, 0.172357, 0.10948, 0.119651, 0.171388, 0.172549
0, 2, 5, 6, 7, 8, 9, 0.103362, 0.112849, 0.152957, 0.153819, 0.0970335, 0.106524, 0.140908, 0.141897, 0.097187, 0.106678, 0.141227, 0.142216
0, 2, 4, 8, 9, 10, 11, 0.0997918, 0.111207, 0.157206, 0.158685, 0.0955366, 0.106921, 0.14986, 0.151382, 0.0973215, 0.108708, 0.152021, 0.153524
0, 2, 4, 7, 9, 10, 11, 0.105007, 0.116331, 0.162394, 0.16355, 0.100215, 0.111517, 0.154177, 0.155369, 0.10046, 0.111761, 0.154629, 0.155816
0, 2, 4, 7, 8, 10, 11, 0.12273, 0.134229, 0.188076, 0.18951, 0.11402, 0.125517, 0.176413, 0.177889, 0.113555, 0.125052, 0.175555, 0.177037
0, 2, 4, 7, 8, 9, 11, 0.098998, 0.11018, 0.155778, 0.157096, 0.096381, 0.107546, 0.150285, 0.15163, 0.0965439, 0.107711, 0.150614, 0.151958
0, 2, 4, 7, 8, 9, 10, 0.111126, 0.122086, 0.172404, 0.173384, 0.10781, 0.118758, 0.166099, 0.167105, 0.108165, 0.119112, 0.166689, 0.16769
0, 2, 4, 6, 9, 10, 11, 0.091673, 0.101754, 0.132704, 0.133706, 0.0865373, 0.0966131, 0.123477, 0.124572, 0.0866488, 0.0967266, 0.123678, 0.124773
0, 2, 4, 6, 8, 10, 11, 0.108581, 0.119099, 0.170863, 0.172199, 0.100204, 0.110697, 0.158158, 0.159566, 0.10014, 0.110639, 0.158176, 0.15959
0, 2, 4, 6, 8, 9, 11, 0.0882391, 0.0982233, 0.129362, 0.130558, 0.0845829, 0.0945614, 0.122146, 0.123436, 0.0846656, 0.094649, 0.12233, 0.123622
0, 2, 4, 6, 8, 9, 10, 0.0955203, 0.105197, 0.138805, 0.139679, 0.0914532, 0.101128, 0.130772, 0.131742, 0.0915047, 0.101186, 0.130915, 0.131889
0, 2, 4, 6, 7, 10, 11, 0.11407, 0.124467, 0.177468, 0.178408, 0.10755, 0.117931, 0.166926, 0.167902, 0.108098, 0.118474, 0.167848, 0.168813
0, 2, 4, 6, 7, 9, 11, 0.0938488, 0.103455, 0.135938, 0.136589, 0.0901925, 0.0998064, 0.128716, 0.129465, 0.0902294, 0.0998518, 0.128801, 0.129558
0, 2, 4, 6, 7, 9, 10, 0.110392, 0.119313, 0.158985, 0.159187, 0.107, 0.115929, 0.151955, 0.152258, 0.106978, 0.115911, 0.151938, 0.152246
0, 2, 4, 6, 7, 8, 11, 0.108761, 0.119029, 0.171416, 0.172575, 0.104117, 0.114368, 0.163083, 0.164281, 0.104483, 0.114735, 0.163891, 0.165082
0, 2, 4, 6, 7, 8, 10, 0.118001, 0.127999, 0.184566, 0.185388, 0.112862, 0.122852, 0.175143, 0.175991, 0.112962, 0.122956, 0.175424, 0.176275
0, 2, 4, 6, 7, 8, 9, 0.105247, 0.114361, 0.154525, 0.15502, 0.0998213, 0.108937, 0.143886, 0.144472, 0.0999153, 0.109036, 0.1441, 0.144692
0, 2, 4, 5, 9, 10, 11, 0.0994778, 0.110743, 0.156522, 0.157867, 0.0981203, 0.109379, 0.153919, 0.155268, 0.0982776, 0.109537, 0.154184, 0.155531
0, 2, 4, 5, 8, 10, 11, 0.12515, 0.136337, 0.197397, 0.198868, 0.121929, 0.133118, 0.192172, 0.193659, 0.121466, 0.132654, 0.191246, 0.192739
0, 2, 4, 5, 8, 9, 11, 0.0971237, 0.108082, 0.155088, 0.156516, 0.0969821, 0.107932, 0.154033, 0.155447, 0.097103, 0.108058, 0.154265, 0.155682
0, 2, 4, 5, 8, 9, 10, 0.106247, 0.117061, 0.167337, 0.168484, 0.10499, 0.115801, 0.16455, 0.165697, 0.10524, 0.116049, 0.164988, 0.166128
0, 2, 4, 5, 7, 10, 11, 0.119505, 0.130943, 0.185541, 0.186873, 0.11914, 0.130578, 0.185194, 0.186505, 0.118169, 0.129607, 0.183509, 0.184831
0, 2, 4, 5, 7, 9, 11, 0.103611, 0.114505, 0.163016, 0.164065, 0.102051, 0.112949, 0.159442, 0.160499, 0.102519, 0.113413, 0.160305, 0.161351
0, 2, 4, 5, 7, 9, 10, 0.124049, 0.134479, 0.191796, 0.192454, 0.122745, 0.133179, 0.188993, 0.189652, 0.122729, 0.133167, 0.188926, 0.18959
0, 2, 4, 5, 7, 8, 11, 0.116427, 0.127527, 0.180959, 0.182401, 0.116293, 0.127394, 0.180798, 0.182223, 0.115579, 0.126678, 0.179485, 0.180917
0, 2, 4, 5, 7, 8, 10, 0.120525, 0.13148, 0.185999, 0.187174, 0.120731, 0.131685, 0.186163, 0.187314, 0.120197, 0.13115, 0.185236, 0.186392
0, 2, 4, 5, 7, 8, 9, 0.114701, 0.125053, 0.18115, 0.181978, 0.11287, 0.123224, 0.176908, 0.177734, 0.113509, 0.123859, 0.178178, 0.178991
0, 2, 4, 5, 6, 10, 11, 0.106585, 0.116973, 0.168766, 0.169987, 0.10315, 0.113532, 0.16302, 0.164263, 0.103484, 0.113862, 0.163616, 0.164852
0, 2, 4, 5, 6, 9, 11, 0.0919414, 0.101551, 0.135633, 0.136538, 0.0889647, 0.0985896, 0.129696, 0.130694, 0.0889961, 0.0986241, 0.12978, 0.130781
0, 2, 4, 5, 6, 9, 10, 0.10565, 0.114664, 0.154226, 0.154732, 0.103192, 0.112221, 0.148967, 0.149568, 0.103101, 0.112131, 0.148857, 0.149458
0, 2, 4, 5, 6, 8, 11, 0.107199, 0.117348, 0.1718, 0.173145, 0.105824, 0.115963, 0.16898, 0.170328, 0.10535, 0.115496, 0.168381, 0.169736
0, 2, 4, 5, 6, 8, 10, 0.112276, 0.122234, 0.178293, 0.179361, 0.108986, 0.118941, 0.171966, 0.17305, 0.109577, 0.119528, 0.173076, 0.174153
0, 2, 4, 5, 6, 8, 9, 0.102645, 0.111725, 0.152666, 0.153396, 0.0972949, 0.106382, 0.142426, 0.143242, 0.097589, 0.106675, 0.142985, 0.143803
0, 2, 4, 5, 6, 7, 11, 0.110507, 0.120513, 0.17472, 0.175662, 0.108396, 0.118403, 0.170295, 0.171248, 0.108874, 0.118876, 0.171275, 0.172213
0, 2, 4, 5, 6, 7, 10, 0.130756, 0.140211, 0.20485, 0.205367, 0.128359, 0.137817, 0.199697, 0.200223, 0.128864, 0.138314, 0.200905, 0.201419
0, 2, 4, 5, 6, 7, 9, 0.137965, 0.14617, 0.209949, 0.210081, 0.131765, 0.139974, 0.196376, 0.196602, 0.131591, 0.139809, 0.196181, 0.196416
0, 2, 4, 5, 6, 7, 8, 0.120467, 0.129956, 0.191392, 0.192157, 0.116918, 0.126408, 0.183991, 0.184762, 0.116912, 0.126407, 0.184055, 0.184828
0, 2, 3, 8, 9, 10, 11, 0.105924, 0.116851, 0.164082, 0.165316, 0.0980505, 0.108957, 0.152033, 0.153369, 0.0980866, 0.108997, 0.152091, 0.15343
0, 2, 3, 7, 9, 10, 11, 0.108916, 0.119755, 0.165751, 0.166667, 0.100927, 0.111754, 0.153288, 0.154292, 0.101024, 0.111854, 0.153498, 0.154501
0, 2, 3, 7, 8, 10, 11, 0.115528, 0.126595, 0.177107, 0.178429, 0.107067, 0.118127, 0.16389, 0.165299, 0.106797, 0.117857, 0.164033, 0.165443
0, 2, 3, 7, 8, 9, 11, 0.101681, 0.112335, 0.157227, 0.158317, 0.0969618, 0.107605, 0.149114, 0.150277, 0.0971029, 0.107752, 0.149413, 0.150579
0, 2, 3, 7, 8, 9, 10, 0.11251, 0.122926, 0.171766, 0.172524, 0.107421, 0.11783, 0.163179, 0.164001, 0.107471, 0.117884, 0.163247, 0.164072
0, 2, 3, 6, 9, 10, 11, 0.100107, 0.109626, 0.144156, 0.144862, 0.0941722, 0.103689, 0.134649, 0.135434, 0.0942299, 0.103745, 0.134731, 0.135512
0, 2, 3, 6, 8, 10, 11, 0.112458, 0.122549, 0.173802, 0.174968, 0.101699, 0.111771, 0.157327, 0.158599, 0.101778, 0.111857, 0.157687, 0.158963
0, 2, 3, 6, 8, 9, 11, 0.0954657, 0.104976, 0.138846, 0.139791, 0.0918223, 0.101328, 0.132796, 0.133812, 0.0919351, 0.101447, 0.132978, 0.133999
0, 2, 3, 6, 8, 9, 10, 0.100201, 0.109323, 0.144014, 0.144622, 0.0964893, 0.105609, 0.13754, 0.13821, 0.0964601, 0.105572, 0.137507, 0.138166
0, 2, 3, 6, 7, 10, 11, 0.114846, 0.124746, 0.17596, 0.176733, 0.108271, 0.118164, 0.164985, 0.165822, 0.108182, 0.118081, 0.165045, 0.165885
0, 2, 3, 6, 7, 9, 11, 0.0966226, 0.105559, 0.137765, 0.138152, 0.0938092, 0.102756, 0.133022, 0.133482, 0.0938827, 0.102834, 0.13311, 0.133573
0, 2, 3, 6, 7, 9, 10, 0.112919, 0.12116, 0.16029, 0.160202, 0.110107, 0.118358, 0.155251, 0.155225, 0.1102, 0.118452, 0.155357, 0.155332
0, 2, 3, 6, 7, 8, 11, 0.109921, 0.119707, 0.170097, 0.171082, 0.104126, 0.1139, 0.160096, 0.161151, 0.104138, 0.113913, 0.160417, 0.161469
0, 2, 3, 6, 7, 8, 10, 0.117336, 0.126846, 0.180323, 0.180985, 0.112323, 0.121831, 0.171028, 0.171729, 0.112789, 0.122286, 0.171996, 0.172686
0, 2, 3, 6, 7, 8, 9, 0.105072, 0.11351, 0.151341, 0.151562, 0.101431, 0.109871, 0.144792, 0.145065, 0.10153, 0.109974, 0.144956, 0.145233
0, 2, 3, 5, 9, 10, 11, 0.100364, 0.111181, 0.155207, 0.156401, 0.0970601, 0.107873, 0.150007, 0.151255, 0.0971917, 0.108007, 0.150218, 0.151467
0, 2, 3, 5, 8, 10, 11, 0.103835, 0.114689, 0.16176, 0.163384, 0.100254, 0.111104, 0.154629, 0.1563, 0.10004, 0.11089, 0.154658, 0.156331
0, 2, 3, 5, 8, 9, 11, 0.0981073, 0.108643, 0.154072, 0.15536, 0.0965703, 0.1071, 0.151256, 0.152576, 0.0966352, 0.107171, 0.151315, 0.15264
0, 2, 3, 5, 8, 9, 10, 0.105156, 0.115525, 0.162994, 0.164012, 0.102822, 0.113189, 0.158677, 0.15973, 0.103149, 0.113516, 0.159252, 0.160299
0, 2, 3, 5, 7, 10, 11, 0.106771, 0.117822, 0.164403, 0.165753, 0.105598, 0.116651, 0.161689, 0.163057, 0.10528, 0.116331, 0.161679, 0.163046
0, 2, 3, 5, 7, 9, 11, 0.100591, 0.111, 0.155402, 0.156333, 0.0985999, 0.109018, 0.151475, 0.15245, 0.0988053, 0.109226, 0.151842, 0.152816
0, 2, 3, 5, 7, 9, 10, 0.120508, 0.130426, 0.183449, 0.183968, 0.118704, 0.128625, 0.179949, 0.180495, 0.119341, 0.12925, 0.18108, 0.181606
0, 2, 3, 5, 7, 8, 11, 0.104436, 0.11517, 0.161882, 0.163358, 0.103802, 0.114534, 0.159853, 0.16134, 0.103784, 0.114515, 0.160566, 0.162048
0, 2, 3, 5, 7, 8, 10, 0.110836, 0.121448, 0.170615, 0.171785, 0.109637, 0.12025, 0.167643, 0.16882, 0.10971, 0.120323, 0.168135, 0.169311
0, 2, 3, 5, 7, 8, 9, 0.111101, 0.120975, 0.172626, 0.173333, 0.108591, 0.118469, 0.1675, 0.168236, 0.108796, 0.118675, 0.167848, 0.168584
0, 2, 3, 5, 6, 10, 11, 0.104851, 0.114868, 0.162615, 0.163776, 0.0999692, 0.109986, 0.154388, 0.155604, 0.100192, 0.110208, 0.154908, 0.156122
0, 2, 3, 5, 6, 9, 11, 0.0927473, 0.101907, 0.134392, 0.135191, 0.0910646, 0.100235, 0.131597, 0.13246, 0.0911363, 0.100315, 0.13171, 0.132578
0, 2, 3, 5, 6, 9, 10, 0.106851, 0.115322, 0.153517, 0.153842, 0.104625, 0.113103, 0.149504, 0.149888, 0.104684, 0.113166, 0.149608, 0.149994
0, 2, 3, 5, 6, 8, 11, 0.106044, 0.115826, 0.166448, 0.167722, 0.103537, 0.113314, 0.161578, 0.162889, 0.103577, 0.113356, 0.162143, 0.16345
0, 2, 3, 5, 6, 8, 10, 0.109319, 0.118906, 0.169966, 0.170977, 0.1054, 0.114988, 0.162503, 0.16355, 0.105565, 0.115148, 0.162848, 0.163891
0, 2, 3, 5, 6, 8, 9, 0.0998632, 0.108474, 0.145513, 0.146122, 0.0967035, 0.105317, 0.139907, 0.140567, 0.0968564, 0.105481, 0.140184, 0.140853
0, 2, 3, 5, 6, 7, 11, 0.106738, 0.116322, 0.165191, 0.16607, 0.103807, 0.113398, 0.15966, 0.160579, 0.104251, 0.113831, 0.160635, 0.161538
0, 2, 3, 5, 6, 7, 10, 0.126176, 0.135185, 0.193638, 0.194075, 0.123251, 0.132265, 0.187617, 0.188076, 0.123692, 0.132693, 0.188705, 0.189151
0, 2, 3, 5, 6, 7, 9, 0.130141, 0.137678, 0.192558, 0.192461, 0.127458, 0.134997, 0.1868, 0.186762, 0.127562, 0.135107, 0.187061, 0.187027
0, 2, 3, 5, 6, 7, 8, 0.116543, 0.125608, 0.181431, 0.182116, 0.112481, 0.121551, 0.173509, 0.174224, 0.113044, 0.122102, 0.174703, 0.175403
0, 2, 3, 4, 9, 10, 11, 0.102958, 0.11356, 0.158429, 0.159309, 0.100097, 0.110691, 0.153509, 0.154419, 0.100177, 0.110778, 0.153648, 0.154562
0, 2, 3, 4, 8, 10, 11, 0.107595, 0.118481, 0.166893, 0.168316, 0.105288, 0.116167, 0.161658, 0.163107, 0.105147, 0.116026, 0.161926, 0.163375
0, 2, 3, 4, 8, 9, 11, 0.100621, 0.111053, 0.15705, 0.158092, 0.0990932, 0.109516, 0.153938, 0.154999, 0.0991763, 0.109604, 0.15407, 0.155135
0, 2, 3, 4, 8, 9, 10, 0.107826, 0.117965, 0.166108, 0.166817, 0.105693, 0.115827, 0.161875, 0.162605, 0.105843, 0.11598, 0.162111, 0.162841
0, 2, 3, 4, 7, 10, 11, 0.113826, 0.124735, 0.17445, 0.175476, 0.113732, 0.124643, 0.17323, 0.17426, 0.113663, 0.124572, 0.173507, 0.174535
0, 2, 3, 4, 7, 9, 11, 0.104194, 0.114297, 0.160093, 0.160635, 0.102323, 0.112432, 0.15623, 0.156804, 0.102516, 0.112623, 0.156566, 0.157136
0, 2, 3, 4, 7, 9, 10, 0.124514, 0.133922, 0.188475, 0.188556, 0.122729, 0.132137, 0.184975, 0.185072, 0.123172, 0.132575, 0.185715, 0.185804
0, 2, 3, 4, 7, 8, 11, 0.110068, 0.120806, 0.169556, 0.170798, 0.110346, 0.12108, 0.168828, 0.170068, 0.109696, 0.12043, 0.168365, 0.169607
0, 2, 3, 4, 7, 8, 10, 0.116881, 0.127345, 0.178981, 0.179837, 0.116212, 0.126678, 0.176648, 0.177503, 0.116083, 0.126547, 0.176995, 0.177848
0, 2, 3, 4, 7, 8, 9, 0.114656, 0.124205, 0.177138, 0.177468, 0.112237, 0.121786, 0.172052, 0.1724, 0.112528, 0.122073, 0.172598, 0.172936
0, 2, 3, 4, 6, 10, 11, 0.108737, 0.118487, 0.167746, 0.168547, 0.104669, 0.114417, 0.160479, 0.161315, 0.105021, 0.11476, 0.161344, 0.162167
0, 2, 3, 4, 6, 9, 11, 0.0979271, 0.10648, 0.141301, 0.141527, 0.0957268, 0.104301, 0.137521, 0.137815, 0.0958693, 0.104445, 0.137753, 0.138044
0, 2, 3, 4, 6, 9, 10, 0.111252, 0.118909, 0.15899, 0.158671, 0.109128, 0.116798, 0.155046, 0.154774, 0.109148, 0.116827, 0.155105, 0.154842
0, 2, 3, 4, 6, 8, 11, 0.108677, 0.118318, 0.16965, 0.17065, 0.106335, 0.115968, 0.164879, 0.165904, 0.106265, 0.115898, 0.165215, 0.166237
0, 2, 3, 4, 6, 8, 10, 0.112977, 0.122295, 0.174519, 0.175185, 0.109327, 0.118643, 0.167404, 0.168092, 0.109993, 0.1193, 0.168799, 0.169477
0, 2, 3, 4, 6, 8, 9, 0.104294, 0.112246, 0.151018, 0.151046, 0.101193, 0.109155, 0.145477, 0.145548, 0.101286, 0.10926, 0.145665, 0.145749
0, 2, 3, 4, 6, 7, 11, 0.11141, 0.120645, 0.171231, 0.171694, 0.108981, 0.118222, 0.166352, 0.166849, 0.108875, 0.118126, 0.166437, 0.166941
0, 2, 3, 4, 6, 7, 10, 0.131944, 0.140438, 0.201215, 0.201179, 0.129226, 0.13772, 0.195441, 0.195414, 0.129834, 0.138317, 0.196999, 0.196965
0, 2, 3, 4, 6, 7, 9, 0.135076, 0.141584, 0.19872, 0.197923, 0.132903, 0.139412, 0.193819, 0.193057, 0.132964, 0.139479, 0.194006, 0.193251
0, 2, 3, 4, 6, 7, 8, 0.120645, 0.129347, 0.186549, 0.186835, 0.116905, 0.125611, 0.179046, 0.179353, 0.116949, 0.125666, 0.179328, 0.17964
0, 2, 3, 4, 5, 10, 11, 0.107389, 0.118225, 0.165862, 0.167176, 0.107934, 0.118768, 0.165858, 0.167162, 0.107707, 0.118541, 0.165824, 0.167128
0, 2, 3, 4, 5, 9, 11, 0.103619, 0.11369, 0.162535, 0.163271, 0.102798, 0.112874, 0.160408, 0.161166, 0.102871, 0.112951, 0.160569, 0.16133
0, 2, 3, 4, 5, 9, 10, 0.120172, 0.129656, 0.185058, 0.185377, 0.11889, 0.128374, 0.182255, 0.182593, 0.119075, 0.128556, 0.182619, 0.18295
0, 2, 3, 4, 5, 8, 11, 0.125337, 0.135761, 0.193687, 0.194995, 0.12731, 0.137731, 0.196281, 0.197566, 0.125063, 0.13548, 0.192908, 0.194201
0, 2, 3, 4, 5, 8, 10, 0.11335, 0.123758, 0.1751, 0.176213, 0.113071, 0.123477, 0.173714, 0.174816, 0.112813, 0.123219, 0.17362, 0.174726
0, 2, 3, 4, 5, 8, 9, 0.112754, 0.122254, 0.177389, 0.177896, 0.111114, 0.120614, 0.173547, 0.174073, 0.11124, 0.120741, 0.173847, 0.174373
0, 2, 3, 4, 5, 7, 11, 0.111518, 0.1221, 0.17208, 0.173133, 0.112077, 0.122663, 0.172147, 0.173196, 0.111745, 0.12233, 0.172098, 0.173145
0, 2, 3, 4, 5, 7, 10, 0.135278, 0.145177, 0.206078, 0.206596, 0.134857, 0.144759, 0.204678, 0.205191, 0.134226, 0.144127, 0.204018, 0.204532
0, 2, 3, 4, 5, 7, 9, 0.145051, 0.153692, 0.225556, 0.225475, 0.144212, 0.152849, 0.223188, 0.223134, 0.144958, 0.153591, 0.224574, 0.224515
0, 2, 3, 4, 5, 7, 8, 0.120933, 0.13097, 0.187213, 0.188028, 0.120131, 0.13017, 0.184823, 0.185631, 0.119876, 0.129914, 0.185103, 0.185911
0, 2, 3, 4, 5, 6, 11, 0.111736, 0.121066, 0.175097, 0.175842, 0.109906, 0.119244, 0.171059, 0.171836, 0.109449, 0.118801, 0.170571, 0.17136
0, 2, 3, 4, 5, 6, 10, 0.125859, 0.134505, 0.194333, 0.194627, 0.12353, 0.132182, 0.189205, 0.18952, 0.123705, 0.132342, 0.189972, 0.190275
0, 2, 3, 4, 5, 6, 9, 0.162891, 0.169641, 0.253085, 0.252742, 0.154652, 0.161408, 0.236301, 0.235979, 0.154903, 0.161668, 0.237056, 0.236742
0, 2, 3, 4, 5, 6, 8, 0.121479, 0.130241, 0.190888, 0.191415, 0.118614, 0.12738, 0.18474, 0.185298, 0.118514, 0.127269, 0.185074, 0.18562
0, 2, 3, 4, 5, 6, 7, 0.148978, 0.156742, 0.233922, 0.233811, 0.146228, 0.153996, 0.227656, 0.227571, 0.147384, 0.155139, 0.230266, 0.23017
0, 1, 7, 8, 9, 10, 11, 0.112405, 0.124227, 0.175828, 0.177233, 0.0987572, 0.110541, 0.154053, 0.155643, 0.0988637, 0.110649, 0.154356, 0.155945
0, 1, 6, 8, 9, 10, 11, 0.102737, 0.113432, 0.150591, 0.151932, 0.088924, 0.0995967, 0.128988, 0.130508, 0.0889974, 0.099668, 0.129122, 0.130637
0, 1, 6, 7, 9, 10, 11, 0.105549, 0.116017, 0.152366, 0.153335, 0.0924597, 0.102911, 0.131532, 0.132646, 0.093118, 0.10356, 0.132645, 0.133734
0, 1, 6, 7, 8, 10, 11, 0.120966, 0.131733, 0.188449, 0.189628, 0.105286, 0.116062, 0.164628, 0.166001, 0.105216, 0.115999, 0.16476, 0.166138
0, 1, 6, 7, 8, 9, 11, 0.0975886, 0.107942, 0.142369, 0.143539, 0.0882066, 0.098546, 0.126682, 0.128002, 0.0886113, 0.0989419, 0.127484, 0.12878
0, 1, 6, 7, 8, 9, 10, 0.106957, 0.117072, 0.15492, 0.155775, 0.0980019, 0.108111, 0.139775, 0.140774, 0.0980781, 0.108188, 0.139907, 0.140905
0, 1, 5, 8, 9, 10, 11, 0.102142, 0.113771, 0.161467, 0.163104, 0.0955672, 0.107175, 0.151552, 0.153316, 0.0956936, 0.107302, 0.15178, 0.153543
0, 1, 5, 7, 9, 10, 11, 0.106207, 0.117941, 0.164762, 0.166175, 0.0993717, 0.111092, 0.153946, 0.155473, 0.0996106, 0.111332, 0.154394, 0.155917
0, 1, 5, 7, 8, 10, 11, 0.120599, 0.132281, 0.185595, 0.18725, 0.110151, 0.121835, 0.171619, 0.173364, 0.11159, 0.123272, 0.173227, 0.174964
0, 1, 5, 7, 8, 9, 11, 0.0997285, 0.11117, 0.157356, 0.158896, 0.0955605, 0.106991, 0.149949, 0.151579, 0.0958477, 0.107279, 0.15054, 0.152166
0, 1, 5, 7, 8, 9, 10, 0.111963, 0.123262, 0.174304, 0.175537, 0.107235, 0.118527, 0.166325, 0.167642, 0.107332, 0.118626, 0.166506, 0.167824
0, 1, 5, 6, 9, 10, 11, 0.091181, 0.101761, 0.131944, 0.133317, 0.0851199, 0.0956941, 0.122082, 0.123584, 0.085222, 0.0957982, 0.122248, 0.123749
0, 1, 5, 6, 8, 10, 11, 0.109113, 0.119834, 0.171624, 0.173128, 0.0988016, 0.10954, 0.156877, 0.158564, 0.0988491, 0.109592, 0.157048, 0.158739
0, 1, 5, 6, 8, 9, 11, 0.0870018, 0.0973694, 0.127349, 0.12887, 0.0829996, 0.0933637, 0.120381, 0.122019, 0.0830815, 0.0934422, 0.120526, 0.122157
0, 1, 5, 6, 8, 9, 10, 0.0948252, 0.104992, 0.137793, 0.139034, 0.0903169, 0.100485, 0.129802, 0.131162, 0.0904632, 0.100632, 0.130078, 0.131433
0, 1, 5, 6, 7, 10, 11, 0.112985, 0.123743, 0.175886, 0.177105, 0.10425, 0.115015, 0.162701, 0.164052, 0.104347, 0.115117, 0.162933, 0.164286
0, 1, 5, 6, 7, 9, 11, 0.0922796, 0.102434, 0.133523, 0.134604, 0.0882202, 0.098385, 0.126159, 0.127361, 0.088191, 0.0983528, 0.126122, 0.12732
0, 1, 5, 6, 7, 9, 10, 0.109374, 0.119015, 0.157683, 0.158355, 0.105755, 0.115407, 0.150761, 0.15155, 0.105748, 0.115402, 0.150761, 0.151551
0, 1, 5, 6, 7, 8, 11, 0.107923, 0.118439, 0.170372, 0.171748, 0.101686, 0.112223, 0.160198, 0.16171, 0.101703, 0.112246, 0.160391, 0.161905
0, 1, 5, 6, 7, 8, 10, 0.11693, 0.127284, 0.183291, 0.184394, 0.110324, 0.120692, 0.172081, 0.173285, 0.111007, 0.121369, 0.173376, 0.17457
0, 1, 5, 6, 7, 8, 9, 0.103977, 0.113636, 0.152689, 0.15359, 0.0983934, 0.108057, 0.142338, 0.143349, 0.0984955, 0.108162, 0.142546, 0.14356
0, 1, 4, 8, 9, 10, 11, 0.102075, 0.113688, 0.160451, 0.16194, 0.0966848, 0.108268, 0.151398, 0.152967, 0.0967382, 0.108325, 0.151492, 0.153064
0, 1, 4, 7, 9, 10, 11, 0.107408, 0.118989, 0.165795, 0.166953, 0.101485, 0.113046, 0.155922, 0.157145, 0.101614, 0.113178, 0.156164, 0.157388
0, 1, 4, 7, 8, 10, 11, 0.125379, 0.137079, 0.192475, 0.193901, 0.116279, 0.127976, 0.180171, 0.181668, 0.115776, 0.127472, 0.179223, 0.180727
0, 1, 4, 7, 8, 9, 11, 0.100953, 0.112328, 0.158434, 0.159765, 0.0974403, 0.1088, 0.151598, 0.152987, 0.0975748, 0.108939, 0.151889, 0.15328
0, 1, 4, 7, 8, 9, 10, 0.11328, 0.124424, 0.175295, 0.176285, 0.109265, 0.120398, 0.168008, 0.169045, 0.109703, 0.120833, 0.168818, 0.169845
0, 1, 4, 6, 9, 10, 11, 0.0931302, 0.103313, 0.13406, 0.135035, 0.0877169, 0.0979013, 0.12468, 0.125754, 0.0878563, 0.0980386, 0.124908, 0.125977
0, 1, 4, 6, 8, 10, 11, 0.110218, 0.120846, 0.172965, 0.17424, 0.101229, 0.111877, 0.159322, 0.160744, 0.101224, 0.111879, 0.159482, 0.160908
0, 1, 4, 6, 8, 9, 11, 0.0890011, 0.0991031, 0.129511, 0.130705, 0.0853778, 0.0954862, 0.122691, 0.123988, 0.0854759, 0.0955802, 0.122865, 0.124153
0, 1, 4, 6, 8, 9, 10, 0.096634, 0.106424, 0.139498, 0.14036, 0.0926918, 0.102486, 0.132024, 0.13298, 0.0931532, 0.102926, 0.132875, 0.133794
0, 1, 4, 6, 7, 10, 11, 0.115483, 0.126008, 0.179204, 0.180112, 0.108779, 0.119311, 0.168426, 0.169415, 0.108717, 0.119255, 0.168426, 0.169419
0, 1, 4, 6, 7, 9, 11, 0.0947594, 0.104472, 0.136298, 0.136939, 0.0911923, 0.100916, 0.129592, 0.130327, 0.0912798, 0.101008, 0.129737, 0.130476
0, 1, 4, 6, 7, 9, 10, 0.111583, 0.120633, 0.15974, 0.159932, 0.108504, 0.117564, 0.153599, 0.153877, 0.108479, 0.117534, 0.153558, 0.153831
0, 1, 4, 6, 7, 8, 11, 0.110087, 0.120477, 0.172994, 0.174112, 0.105125, 0.115534, 0.16425, 0.165467, 0.105028, 0.115445, 0.164265, 0.165487
0, 1, 4, 6, 7, 8, 10, 0.119035, 0.129167, 0.185663, 0.186465, 0.113907, 0.124054, 0.176294, 0.177162, 0.11455, 0.124692, 0.177464, 0.178322
0, 1, 4, 6, 7, 8, 9, 0.105933, 0.115155, 0.15441, 0.154905, 0.101089, 0.110315, 0.145167, 0.145738, 0.101181, 0.110412, 0.145362, 0.145939
0, 1, 4, 5, 9, 10, 11, 0.100922, 0.112386, 0.158282, 0.159664, 0.0988775, 0.110335, 0.154652, 0.156063, 0.0989626, 0.110424, 0.154785, 0.156199
0, 1, 4, 5, 8, 10, 11, 0.127529, 0.138925, 0.201451, 0.20294, 0.124002, 0.135399, 0.195913, 0.197436, 0.123901, 0.135296, 0.195558, 0.197081
0, 1, 4, 5, 8, 9, 11, 0.0981763, 0.109348, 0.156291, 0.157774, 0.0975285, 0.108692, 0.154437, 0.155928, 0.0976292, 0.108797, 0.154651, 0.156145
0, 1, 4, 5, 8, 9, 10, 0.107559, 0.118576, 0.168914, 0.170107, 0.105953, 0.116967, 0.165652, 0.16686, 0.106272, 0.117283, 0.166227, 0.167427
0, 1, 4, 5, 7, 10, 11, 0.121556, 0.133216, 0.189199, 0.190565, 0.120589, 0.132249, 0.187763, 0.189131, 0.120364, 0.132021, 0.187269, 0.188641
0, 1, 4, 5, 7, 9, 11, 0.10508, 0.116173, 0.164839, 0.165925, 0.103017, 0.114114, 0.160493, 0.161606, 0.103469, 0.114562, 0.161345, 0.162445
0, 1, 4, 5, 7, 9, 10, 0.125631, 0.136255, 0.193705, 0.194396, 0.124139, 0.134767, 0.190676, 0.191377, 0.124566, 0.135187, 0.191466, 0.192154
0, 1, 4, 5, 7, 8, 11, 0.118258, 0.129573, 0.18398, 0.185463, 0.117698, 0.129014, 0.1831, 0.184584, 0.116852, 0.128166, 0.181598, 0.18309
0, 1, 4, 5, 7, 8, 10, 0.122424, 0.133606, 0.189589, 0.190802, 0.122194, 0.133375, 0.189056, 0.19026, 0.122032, 0.133211, 0.188585, 0.189791
0, 1, 4, 5, 7, 8, 9, 0.1163, 0.126856, 0.18319, 0.184056, 0.114161, 0.124718, 0.178546, 0.179422, 0.11432, 0.124881, 0.178864, 0.179744
0, 1, 4, 5, 6, 10, 11, 0.107016, 0.117567, 0.168755, 0.16999, 0.103434, 0.113996, 0.162883, 0.16418, 0.103366, 0.113934, 0.162807, 0.16411
0, 1, 4, 5, 6, 9, 11, 0.0919385, 0.101696, 0.134464, 0.135403, 0.0893208, 0.099094, 0.129439, 0.130464, 0.0893549, 0.0991311, 0.129508, 0.130535
0, 1, 4, 5, 6, 9, 10, 0.106357, 0.115511, 0.154156, 0.154684, 0.104258, 0.113424, 0.149823, 0.150433, 0.10417, 0.113339, 0.149704, 0.150316
0, 1, 4, 5, 6, 8, 11, 0.10768, 0.11799, 0.171928, 0.173284, 0.106264, 0.116592, 0.169134, 0.17054, 0.105755, 0.116091, 0.168468, 0.169882
0, 1, 4, 5, 6, 8, 10, 0.112611, 0.122746, 0.178128, 0.179228, 0.109381, 0.119525, 0.171977, 0.17312, 0.109843, 0.119983, 0.172848, 0.173985
0, 1, 4, 5, 6, 8, 9, 0.102571, 0.111804, 0.151323, 0.152092, 0.0980643, 0.107303, 0.142904, 0.143744, 0.0981535, 0.107395, 0.143136, 0.14398
0, 1, 4, 5, 6, 7, 11, 0.111256, 0.121447, 0.175344, 0.176325, 0.108853, 0.119049, 0.170444, 0.171456, 0.109199, 0.119389, 0.171214, 0.172213
0, 1, 4, 5, 6, 7, 10, 0.131384, 0.141023, 0.205152, 0.205717, 0.128959, 0.138602, 0.199936, 0.200515, 0.129351, 0.138984, 0.200953, 0.201521
0, 1, 4, 5, 6, 7, 9, 0.137735, 0.146071, 0.207683, 0.207842, 0.133082, 0.141418, 0.197391, 0.197617, 0.133047, 0.141389, 0.197457, 0.197688
0, 1, 4, 5, 6, 7, 8, 0.121376, 0.131059, 0.192238, 0.193053, 0.117702, 0.127385, 0.184692, 0.185521, 0.118496, 0.128172, 0.186338, 0.187153
0, 1, 3, 8, 9, 10, 11, 0.109062, 0.120192, 0.168361, 0.169609, 0.100737, 0.111848, 0.155745, 0.1571, 0.100762, 0.111877, 0.15578, 0.157139
0, 1, 3, 7, 9, 10, 11, 0.112304, 0.12331, 0.170321, 0.171224, 0.10379, 0.114786, 0.157159, 0.158153, 0.10387, 0.114868, 0.157342, 0.158335
0, 1, 3, 7, 8, 10, 11, 0.119901, 0.131153, 0.183909, 0.185196, 0.111406, 0.122653, 0.170462, 0.171841, 0.111306, 0.122553, 0.170887, 0.172265
0, 1, 3, 7, 8, 9, 11, 0.104425, 0.115266, 0.160851, 0.161944, 0.0993481, 0.110181, 0.152254, 0.153427, 0.0994481, 0.110286, 0.152469, 0.153645
0, 1, 3, 7, 8, 9, 10, 0.115367, 0.125954, 0.175425, 0.17618, 0.110009, 0.120591, 0.1665, 0.16732, 0.110135, 0.120716, 0.166707, 0.167525
0, 1, 3, 6, 9, 10, 11, 0.102973, 0.11259, 0.148017, 0.148648, 0.0972863, 0.106906, 0.139071, 0.139775, 0.0973131, 0.106933, 0.139116, 0.13982
0, 1, 3, 6, 8, 10, 11, 0.116001, 0.126267, 0.179099, 0.180244, 0.104908, 0.115153, 0.162052, 0.163298, 0.104982, 0.115234, 0.16242, 0.16367
0, 1, 3, 6, 8, 9, 11, 0.0977124, 0.107389, 0.141583, 0.142525, 0.0942964, 0.103977, 0.136088, 0.137103, 0.0942562, 0.103929, 0.136044, 0.13705
0, 1, 3, 6, 8, 9, 10, 0.102255, 0.111497, 0.146288, 0.146868, 0.0989173, 0.108159, 0.140607, 0.14124, 0.0989638, 0.108209, 0.140678, 0.141316
0, 1, 3, 6, 7, 10, 11, 0.118268, 0.128296, 0.181072, 0.181798, 0.112223, 0.122245, 0.170878, 0.171658, 0.112053, 0.122075, 0.170874, 0.171652
0, 1, 3, 6, 7, 9, 11, 0.0987473, 0.107731, 0.140044, 0.140362, 0.0963103, 0.10531, 0.136171, 0.136552, 0.0963413, 0.105347, 0.136206, 0.136593
0, 1, 3, 6, 7, 9, 10, 0.115127, 0.123415, 0.162589, 0.16245, 0.112786, 0.121086, 0.158525, 0.158435, 0.112912, 0.121215, 0.1587, 0.158612
0, 1, 3, 6, 7, 8, 11, 0.112967, 0.122892, 0.174555, 0.175502, 0.107233, 0.117151, 0.164618, 0.165632, 0.108279, 0.118167, 0.166207, 0.167188
0, 1, 3, 6, 7, 8, 10, 0.120084, 0.129733, 0.184304, 0.184931, 0.115276, 0.124922, 0.175245, 0.175906, 0.116012, 0.125647, 0.176675, 0.177324
0, 1, 3, 6, 7, 8, 9, 0.10676, 0.115267, 0.152798, 0.152975, 0.103619, 0.112132, 0.147294, 0.147511, 0.103686, 0.112201, 0.147409, 0.147629
0, 1, 3, 5, 9, 10, 11, 0.102444, 0.113454, 0.15761, 0.158828, 0.09881, 0.109816, 0.151982, 0.153262, 0.0989316, 0.109941, 0.152174, 0.153455
0, 1, 3, 5, 8, 10, 11, 0.106182, 0.117242, 0.164938, 0.166576, 0.102545, 0.113601, 0.157732, 0.159429, 0.102323, 0.113381, 0.157764, 0.159463
0, 1, 3, 5, 8, 9, 11, 0.0998167, 0.110573, 0.155883, 0.157223, 0.0980789, 0.10883, 0.152843, 0.154224, 0.0981657, 0.108921, 0.152933, 0.154317
0, 1, 3, 5, 8, 9, 10, 0.107001, 0.117549, 0.164918, 0.165973, 0.104566, 0.115111, 0.160545, 0.161639, 0.104917, 0.11546, 0.161174, 0.16226
0, 1, 3, 5, 7, 10, 11, 0.109502, 0.120744, 0.168342, 0.169692, 0.108224, 0.11947, 0.165333, 0.166711, 0.107817, 0.119059, 0.165242, 0.166622
0, 1, 3, 5, 7, 9, 11, 0.102619, 0.113216, 0.157658, 0.158608, 0.100331, 0.110937, 0.153382, 0.154383, 0.100521, 0.111132, 0.153701, 0.154705
0, 1, 3, 5, 7, 9, 10, 0.122747, 0.132829, 0.185889, 0.186421, 0.120842, 0.130927, 0.182337, 0.182897, 0.12138, 0.131455, 0.183264, 0.183807
0, 1, 3, 5, 7, 8, 11, 0.106913, 0.117852, 0.165395, 0.166886, 0.106192, 0.11713, 0.163181, 0.164693, 0.105502, 0.116439, 0.16262, 0.16414
0, 1, 3, 5, 7, 8, 10, 0.113008, 0.123818, 0.173588, 0.174776, 0.111738, 0.12255, 0.170383, 0.171585, 0.111604, 0.122412, 0.170801, 0.172004
0, 1, 3, 5, 7, 8, 9, 0.113142, 0.123199, 0.174851, 0.175583, 0.110561, 0.120621, 0.16974, 0.170504, 0.111153, 0.121205, 0.170945, 0.171692
0, 1, 3, 5, 6, 10, 11, 0.106903, 0.1171, 0.165334, 0.166494, 0.101878, 0.112073, 0.15683, 0.158052, 0.102075, 0.112272, 0.157305, 0.158526
0, 1, 3, 5, 6, 9, 11, 0.0937661, 0.103053, 0.13477, 0.135575, 0.0924138, 0.101712, 0.132723, 0.133583, 0.0924965, 0.1018, 0.132839, 0.133702
0, 1, 3, 5, 6, 9, 10, 0.108209, 0.116787, 0.154349, 0.154667, 0.106255, 0.114838, 0.150967, 0.151335, 0.106314, 0.1149, 0.151075, 0.151443
0, 1, 3, 5, 6, 8, 11, 0.10784, 0.117822, 0.168749, 0.170045, 0.105222, 0.115198, 0.163706, 0.165044, 0.104828, 0.114825, 0.163281, 0.164635
0, 1, 3, 5, 6, 8, 10, 0.110943, 0.120722, 0.171928, 0.172957, 0.106991, 0.116768, 0.164385, 0.165453, 0.107474, 0.117242, 0.165375, 0.166435
0, 1, 3, 5, 6, 8, 9, 0.10072, 0.109471, 0.145574, 0.146203, 0.0981125, 0.106865, 0.141071, 0.141741, 0.0982327, 0.10699, 0.141287, 0.141961
0, 1, 3, 5, 6, 7, 11, 0.108681, 0.118437, 0.167611, 0.16849, 0.105649, 0.115415, 0.161974, 0.1629, 0.106062, 0.115816, 0.162897, 0.163806
0, 1, 3, 5, 6, 7, 10, 0.128194, 0.137352, 0.196078, 0.19651, 0.125243, 0.134405, 0.190041, 0.190499, 0.125721, 0.134869, 0.191209, 0.191653
0, 1, 3, 5, 6, 7, 9, 0.131524, 0.139123, 0.19303, 0.192916, 0.129563, 0.137164, 0.188674, 0.188605, 0.129659, 0.137263, 0.188918, 0.188852
0, 1, 3, 5, 6, 7, 8, 0.11837, 0.127607, 0.183604, 0.184301, 0.114317, 0.12356, 0.175754, 0.176483, 0.114348, 0.123602, 0.175925, 0.17666
0, 1, 3, 4, 9, 10, 11, 0.104936, 0.115682, 0.160624, 0.161502, 0.101668, 0.112408, 0.155157, 0.156075, 0.102099, 0.112832, 0.155828, 0.156734
0, 1, 3, 4, 8, 10, 11, 0.110244, 0.121307, 0.170746, 0.172162, 0.107957, 0.119015, 0.165479, 0.166933, 0.107803, 0.118861, 0.165879, 0.167333
0, 1, 3, 4, 8, 9, 11, 0.102111, 0.112719, 0.15847, 0.159539, 0.100339, 0.110938, 0.155059, 0.156157, 0.100389, 0.110998, 0.155102, 0.156208
0, 1, 3, 4, 8, 9, 10, 0.109531, 0.119828, 0.167848, 0.168566, 0.107226, 0.117519, 0.163456, 0.164198, 0.107278, 0.117576, 0.163492, 0.164239
0, 1, 3, 4, 7, 10, 11, 0.117259, 0.128314, 0.179656, 0.180652, 0.11698, 0.12804, 0.177981, 0.178997, 0.116689, 0.127746, 0.17809, 0.179104
0, 1, 3, 4, 7, 9, 11, 0.106312, 0.11655, 0.162511, 0.163039, 0.104028, 0.114273, 0.158107, 0.158678, 0.104337, 0.11458, 0.15864, 0.159202
0, 1, 3, 4, 7, 9, 10, 0.126838, 0.136416, 0.191166, 0.19123, 0.124857, 0.134435, 0.187475, 0.187557, 0.125363, 0.134934, 0.188328, 0.188399
0, 1, 3, 4, 7, 8, 11, 0.112996, 0.123903, 0.173893, 0.175124, 0.113159, 0.124065, 0.17294, 0.174182, 0.112486, 0.123392, 0.172527, 0.173774
0, 1, 3, 4, 7, 8, 10, 0.11946, 0.130075, 0.182734, 0.183577, 0.118634, 0.129253, 0.180033, 0.180886, 0.118622, 0.12924, 0.180483, 0.181336
0, 1, 3, 4, 7, 8, 9, 0.116772, 0.126457, 0.179476, 0.1798, 0.114165, 0.123852, 0.174234, 0.174581, 0.114442, 0.124127, 0.17471, 0.175051
0, 1, 3, 4, 6, 10, 11, 0.110862, 0.12072, 0.17059, 0.171348, 0.10669, 0.116545, 0.163125, 0.163924, 0.106788, 0.116648, 0.163572, 0.164372
0, 1, 3, 4, 6, 9, 11, 0.0987211, 0.107267, 0.141243, 0.14139, 0.0968481, 0.105422, 0.138171, 0.138384, 0.0969733, 0.105555, 0.138385, 0.138602
0, 1, 3, 4, 6, 9, 10, 0.112631, 0.120261, 0.159779, 0.159368, 0.110677, 0.11832, 0.156295, 0.155923, 0.110745, 0.118391, 0.156418, 0.156048
0, 1, 3, 4, 6, 8, 11, 0.11043, 0.120207, 0.171874, 0.172856, 0.107983, 0.117755, 0.166985, 0.168001, 0.107994, 0.117767, 0.167385, 0.168396
0, 1, 3, 4, 6, 8, 10, 0.114683, 0.124129, 0.176608, 0.177252, 0.110969, 0.120411, 0.169394, 0.170063, 0.111547, 0.120981, 0.170623, 0.171282
0, 1, 3, 4, 6, 8, 9, 0.105042, 0.112996, 0.150808, 0.150761, 0.102503, 0.11047, 0.146366, 0.146354, 0.102635, 0.110606, 0.146617, 0.146611
0, 1, 3, 4, 6, 7, 11, 0.113536, 0.122881, 0.173995, 0.174419, 0.11093, 0.120284, 0.168904, 0.169371, 0.111238, 0.12058, 0.169765, 0.170213
0, 1, 3, 4, 6, 7, 10, 0.13419, 0.142773, 0.204125, 0.20405, 0.131401, 0.139985, 0.198302, 0.19824, 0.132036, 0.140609, 0.199884, 0.199814
0, 1, 3, 4, 6, 7, 9, 0.136645, 0.143088, 0.199412, 0.198523, 0.135187, 0.141629, 0.195912, 0.195044, 0.135149, 0.141602, 0.195865, 0.195007
0, 1, 3, 4, 6, 7, 8, 0.122554, 0.131373, 0.188893, 0.189153, 0.118733, 0.127557, 0.18133, 0.181616, 0.119255, 0.128066, 0.182496, 0.182764
0, 1, 3, 4, 5, 10, 11, 0.10941, 0.120428, 0.168546, 0.16988, 0.109814, 0.120833, 0.168274, 0.169609, 0.109355, 0.120374, 0.168004, 0.169343
0, 1, 3, 4, 5, 9, 11, 0.104731, 0.114967, 0.163256, 0.164022, 0.103694, 0.113934, 0.160873, 0.161666, 0.103787, 0.114032, 0.161039, 0.161836
0, 1, 3, 4, 5, 9, 10, 0.121681, 0.131312, 0.186322, 0.186662, 0.120285, 0.129916, 0.183459, 0.18382, 0.12036, 0.129991, 0.18361, 0.18397
0, 1, 3, 4, 5, 8, 11, 0.128278, 0.138889, 0.197862, 0.199188, 0.130435, 0.141045, 0.200739, 0.202047, 0.127905, 0.138514, 0.197088, 0.19841
0, 1, 3, 4, 5, 8, 10, 0.115176, 0.125774, 0.177458, 0.178601, 0.114818, 0.125415, 0.175915, 0.177055, 0.114395, 0.124992, 0.175564, 0.176711
0, 1, 3, 4, 5, 8, 9, 0.114124, 0.123791, 0.178483, 0.179024, 0.112463, 0.12213, 0.17477, 0.175332, 0.112512, 0.122188, 0.174874, 0.175447
0, 1, 3, 4, 5, 7, 11, 0.113455, 0.124226, 0.174703, 0.175781, 0.113819, 0.124597, 0.174418, 0.175504, 0.113464, 0.124241, 0.174373, 0.17546
0, 1, 3, 4, 5, 7, 10, 0.137794, 0.147851, 0.209314, 0.209844, 0.137382, 0.147442, 0.207808, 0.20834, 0.136608, 0.146668, 0.206977, 0.207511
0, 1, 3, 4, 5, 7, 9, 0.147409, 0.156181, 0.228009, 0.22793, 0.146491, 0.155258, 0.225677, 0.225625, 0.147295, 0.156058, 0.227129, 0.22707
0, 1, 3, 4, 5, 7, 8, 0.122817, 0.133045, 0.189705, 0.190549, 0.121892, 0.132123, 0.187056, 0.187905, 0.12178, 0.132011, 0.187296, 0.188145
0, 1, 3, 4, 5, 6, 11, 0.113044, 0.122528, 0.176452, 0.177202, 0.11109, 0.120582, 0.172273, 0.173061, 0.110781, 0.12027, 0.172058, 0.172841
0, 1, 3, 4, 5, 6, 10, 0.127125, 0.135907, 0.195517, 0.195816, 0.124751, 0.133536, 0.19034, 0.190662, 0.124475, 0.133249, 0.190187, 0.190502
0, 1, 3, 4, 5, 6, 9, 0.161696, 0.168436, 0.248527, 0.248147, 0.155542, 0.162284, 0.235693, 0.235311, 0.155894, 0.162632, 0.236593, 0.236214
0, 1, 3, 4, 5, 6, 8, 0.122844, 0.131767, 0.192308, 0.192853, 0.120001, 0.128929, 0.186337, 0.186912, 0.119656, 0.128576, 0.186124, 0.186693
0, 1, 3, 4, 5, 6, 7, 0.15063, 0.158502, 0.235515, 0.235401, 0.147873, 0.155749, 0.229318, 0.229231, 0.147569, 0.155458, 0.228943, 0.228862
0, 1, 2, 8, 9, 10, 11, 0.108014, 0.119134, 0.172106, 0.173401, 0.104113, 0.115216, 0.166214, 0.16753, 0.104162, 0.115267, 0.166326, 0.167646
0, 1, 2, 7, 9, 10, 11, 0.10953, 0.120648, 0.171021, 0.172047, 0.104577, 0.115686, 0.163169, 0.164232, 0.104623, 0.115734, 0.163208, 0.164273
0, 1, 2, 7, 8, 10, 11, 0.124318, 0.135545, 0.191403, 0.192756, 0.116243, 0.127473, 0.179958, 0.18137, 0.115751, 0.126981, 0.178992, 0.180412
0, 1, 2, 7, 8, 9, 11, 0.103331, 0.114194, 0.163978, 0.165129, 0.100765, 0.111621, 0.159116, 0.160297, 0.101009, 0.111868, 0.159704, 0.160884
0, 1, 2, 7, 8, 9, 10, 0.114936, 0.125557, 0.179632, 0.180445, 0.111709, 0.122327, 0.173889, 0.174725, 0.111961, 0.122578, 0.174436, 0.175268
0, 1, 2, 6, 9, 10, 11, 0.0987016, 0.108404, 0.144768, 0.145539, 0.0953567, 0.1051, 0.139401, 0.140253, 0.0954988, 0.105224, 0.139669, 0.140494
0, 1, 2, 6, 8, 10, 11, 0.114986, 0.125216, 0.181782, 0.182974, 0.107035, 0.11724, 0.170333, 0.171556, 0.107017, 0.117233, 0.170397, 0.17163
0, 1, 2, 6, 8, 9, 11, 0.0947273, 0.10434, 0.140464, 0.141429, 0.0929633, 0.102613, 0.137318, 0.138364, 0.0931488, 0.102792, 0.137665, 0.138694
0, 1, 2, 6, 8, 9, 10, 0.0997184, 0.108975, 0.146056, 0.146705, 0.0977449, 0.107032, 0.142245, 0.14295, 0.0978051, 0.107088, 0.142389, 0.143087
0, 1, 2, 6, 7, 10, 11, 0.118442, 0.128524, 0.18509, 0.185879, 0.112215, 0.122319, 0.175371, 0.176222, 0.112089, 0.1222, 0.175247, 0.176104
0, 1, 2, 6, 7, 9, 11, 0.0957491, 0.104832, 0.13903, 0.139482, 0.0942655, 0.103388, 0.13639, 0.136906, 0.0943245, 0.103445, 0.136491, 0.137003
0, 1, 2, 6, 7, 9, 10, 0.111842, 0.120248, 0.161335, 0.161345, 0.110243, 0.11868, 0.158127, 0.158188, 0.110484, 0.118881, 0.158488, 0.158515
0, 1, 2, 6, 7, 8, 11, 0.112318, 0.12223, 0.177759, 0.178734, 0.10807, 0.118006, 0.170402, 0.171442, 0.108327, 0.118268, 0.171092, 0.172131
0, 1, 2, 6, 7, 8, 10, 0.120946, 0.130578, 0.18995, 0.190587, 0.116307, 0.125963, 0.181527, 0.182214, 0.116325, 0.125987, 0.18156, 0.182253
0, 1, 2, 6, 7, 8, 9, 0.105109, 0.113626, 0.154027, 0.154291, 0.102443, 0.110987, 0.148851, 0.149147, 0.102499, 0.111043, 0.148996, 0.149294
0, 1, 2, 5, 9, 10, 11, 0.10303, 0.113953, 0.163671, 0.164861, 0.101503, 0.112426, 0.161233, 0.162438, 0.101791, 0.112713, 0.161755, 0.162955
0, 1, 2, 5, 8, 10, 11, 0.12844, 0.139293, 0.205366, 0.206714, 0.126696, 0.137552, 0.202383, 0.203748, 0.126224, 0.137079, 0.201452, 0.202824
0, 1, 2, 5, 8, 9, 11, 0.101331, 0.111927, 0.163218, 0.164469, 0.100924, 0.111518, 0.162188, 0.163445, 0.10102, 0.111617, 0.162391, 0.163649
0, 1, 2, 5, 8, 9, 10, 0.109083, 0.119519, 0.17319, 0.174156, 0.107817, 0.118254, 0.170718, 0.171692, 0.108058, 0.118493, 0.171145, 0.172114
0, 1, 2, 5, 7, 10, 11, 0.118094, 0.129226, 0.183425, 0.184712, 0.118292, 0.129425, 0.183872, 0.185154, 0.117854, 0.128987, 0.182933, 0.184221
0, 1, 2, 5, 7, 9, 11, 0.104165, 0.114662, 0.164875, 0.165774, 0.10235, 0.112858, 0.161168, 0.162099, 0.102834, 0.11334, 0.162139, 0.16306
0, 1, 2, 5, 7, 9, 10, 0.124804, 0.134819, 0.193842, 0.194332, 0.123319, 0.133341, 0.190969, 0.191474, 0.123713, 0.133728, 0.191678, 0.19217
0, 1, 2, 5, 7, 8, 11, 0.115541, 0.126317, 0.179359, 0.180757, 0.115688, 0.126465, 0.179695, 0.181091, 0.114916, 0.125692, 0.178211, 0.179614
0, 1, 2, 5, 7, 8, 10, 0.119913, 0.130524, 0.185085, 0.186175, 0.120135, 0.130746, 0.185344, 0.186427, 0.119655, 0.130266, 0.184481, 0.185569
0, 1, 2, 5, 7, 8, 9, 0.115578, 0.125492, 0.183298, 0.183938, 0.113428, 0.123349, 0.178795, 0.179448, 0.113974, 0.12389, 0.179956, 0.180597
0, 1, 2, 5, 6, 10, 11, 0.108319, 0.118341, 0.172369, 0.173432, 0.105233, 0.11528, 0.167211, 0.168331, 0.10546, 0.115505, 0.167675, 0.168789
0, 1, 2, 5, 6, 9, 11, 0.0922606, 0.101389, 0.13598, 0.136731, 0.0912921, 0.100474, 0.134266, 0.135094, 0.0914136, 0.100588, 0.134463, 0.135278
0, 1, 2, 5, 6, 9, 10, 0.105601, 0.114071, 0.154019, 0.154346, 0.104711, 0.113217, 0.152077, 0.152454, 0.104834, 0.113322, 0.152301, 0.152659
0, 1, 2, 5, 6, 8, 11, 0.109602, 0.119363, 0.176433, 0.177601, 0.108367, 0.118146, 0.174021, 0.175225, 0.107872, 0.117664, 0.173364, 0.17458
0, 1, 2, 5, 6, 8, 10, 0.113418, 0.12298, 0.180718, 0.181608, 0.110571, 0.120152, 0.175207, 0.176139, 0.111001, 0.120578, 0.175984, 0.176911
0, 1, 2, 5, 6, 8, 9, 0.100256, 0.108791, 0.148411, 0.148962, 0.0977039, 0.106275, 0.143668, 0.144261, 0.0979297, 0.106493, 0.144113, 0.144697
0, 1, 2, 5, 6, 7, 11, 0.11065, 0.120204, 0.175559, 0.176346, 0.108418, 0.117987, 0.17099, 0.171815, 0.108701